session_id,hedge_band,vega_scaled,edge_captured,adverse_selection,hedge_slippage,pnl_decomposed,pnl_oracle,identity_abs_diff,fills,informed_fills,hedge_trades
0,3.000000,1,3666.630000,123.570000,10.486103,3532.573897,3532.573897,0.000000000,3995,780,114
1,3.000000,1,3733.640000,150.430000,-3.223091,3586.433091,3586.433091,0.000000000,3994,772,155
2,3.000000,1,3697.270000,107.450000,5.324817,3584.495183,3584.495183,0.000000000,3989,772,147
3,3.000000,1,3774.960000,145.690000,3.846764,3625.423236,3625.423236,0.000000000,3993,726,164
4,3.000000,1,3811.450000,176.250000,4.336308,3630.863692,3630.863692,0.000000000,3999,793,155
5,3.000000,1,3763.300000,176.870000,-4.515280,3590.945280,3590.945280,0.000000000,3998,826,144
6,3.000000,1,3705.450000,138.720000,-5.340442,3572.070442,3572.070442,0.000000000,3990,743,127
7,3.000000,1,3768.090000,142.380000,7.666995,3618.043005,3618.043005,0.000000000,3996,751,144
8,3.000000,1,3762.840000,222.540000,14.025971,3526.274029,3526.274029,0.000000000,3974,782,239
9,3.000000,1,3834.870000,169.410000,11.932301,3653.527699,3653.527699,0.000000000,3990,764,164
10,3.000000,1,3575.570000,107.690000,-1.149197,3469.029197,3469.029197,0.000000000,3978,758,109
11,3.000000,1,3780.780000,157.170000,10.793386,3612.816614,3612.816614,0.000000000,3991,726,176
12,3.000000,1,3739.420000,154.400000,-12.550311,3597.570311,3597.570311,0.000000000,3997,800,147
13,3.000000,1,3813.000000,191.530000,11.296995,3610.173005,3610.173005,0.000000000,3995,799,267
14,3.000000,1,3784.270000,185.080000,6.763887,3592.426113,3592.426113,0.000000000,3996,804,149
15,3.000000,1,3690.570000,133.160000,4.356640,3553.053360,3553.053360,0.000000000,3994,748,140
16,3.000000,1,3689.720000,128.170000,16.702899,3544.847101,3544.847101,0.000000000,3991,706,136
17,3.000000,1,3712.240000,174.160000,6.990769,3531.089231,3531.089231,0.000000000,3995,759,149
18,3.000000,1,3655.160000,96.660000,2.418941,3556.081059,3556.081059,0.000000000,3992,752,101
19,3.000000,1,3825.680000,186.430000,-6.827902,3646.077902,3646.077902,0.000000000,3990,827,172
20,3.000000,1,3770.260000,173.710000,3.716285,3592.833715,3592.833715,0.000000000,3989,793,227
21,3.000000,1,3830.700000,175.760000,16.236254,3638.703746,3638.703746,0.000000000,3997,798,215
22,3.000000,1,3699.530000,127.420000,-4.870445,3576.980445,3576.980445,0.000000000,3998,754,169
23,3.000000,1,3759.650000,199.020000,5.421210,3555.208790,3555.208790,0.000000000,3980,765,193
24,3.000000,1,3771.950000,140.380000,1.976044,3629.593956,3629.593956,0.000000000,3998,694,152
25,3.000000,1,3561.400000,122.490000,16.822846,3422.087154,3422.087154,0.000000000,3975,768,113
26,3.000000,1,3657.140000,144.830000,-4.384989,3516.694989,3516.694989,0.000000000,3987,763,123
27,3.000000,1,3751.570000,191.380000,6.569357,3553.620643,3553.620643,0.000000000,3989,840,153
28,3.000000,1,3818.750000,202.990000,7.007680,3608.752320,3608.752320,0.000000000,3993,837,174
29,3.000000,1,3660.250000,147.980000,17.224312,3495.045688,3495.045688,0.000000000,3996,734,219
30,3.000000,1,3696.730000,151.280000,18.182849,3527.267151,3527.267151,0.000000000,3988,724,136
31,3.000000,1,3658.670000,128.620000,1.594507,3528.455493,3528.455493,0.000000000,3995,735,151
32,3.000000,1,3701.690000,107.450000,2.958520,3591.281480,3591.281480,0.000000000,3992,761,150
33,3.000000,1,3783.560000,188.880000,-2.769730,3597.449730,3597.449730,0.000000000,3994,765,164
34,3.000000,1,3809.240000,134.890000,-4.953102,3679.303102,3679.303102,0.000000000,3992,775,169
35,3.000000,1,3822.230000,206.230000,-9.396989,3625.396989,3625.396989,0.000000000,3993,757,175
36,3.000000,1,3837.270000,160.350000,-5.945955,3682.865955,3682.865955,0.000000000,3997,760,192
37,3.000000,1,3604.800000,107.850000,-0.192129,3497.142129,3497.142129,0.000000000,3990,729,112
38,3.000000,1,3807.820000,178.410000,10.991742,3618.418258,3618.418258,0.000000000,3991,769,196
39,3.000000,1,3797.260000,186.530000,23.280240,3587.449760,3587.449760,0.000000000,3997,823,325
40,3.000000,1,3759.350000,128.210000,8.022145,3623.117855,3623.117855,0.000000000,3994,764,126
41,3.000000,1,3719.440000,128.110000,3.083591,3588.246409,3588.246409,0.000000000,3997,741,149
42,3.000000,1,3713.340000,140.020000,1.957790,3571.362210,3571.362210,0.000000000,3994,753,179
43,3.000000,1,3699.040000,120.690000,-7.241171,3585.591171,3585.591171,0.000000000,3992,742,133
44,3.000000,1,3590.790000,95.470000,19.858555,3475.461445,3475.461445,0.000000000,3988,714,95
45,3.000000,1,3751.300000,111.580000,8.326009,3631.393991,3631.393991,0.000000000,3998,674,141
46,3.000000,1,3722.770000,127.880000,0.790178,3594.099822,3594.099822,0.000000000,3991,711,137
47,3.000000,1,3735.380000,138.090000,6.207995,3591.082005,3591.082005,0.000000000,3992,801,180
48,3.000000,1,3821.250000,234.260000,2.222171,3584.767829,3584.767829,0.000000000,3993,799,201
49,3.000000,1,3792.080000,167.240000,10.422773,3614.417227,3614.417227,0.000000000,3993,793,192
50,3.000000,1,3827.790000,178.690000,5.565143,3643.534857,3643.534857,0.000000000,3992,802,169
51,3.000000,1,3757.380000,158.280000,-2.138803,3601.238803,3601.238803,0.000000000,3994,794,135
52,3.000000,1,3676.780000,132.970000,-16.705321,3560.515321,3560.515321,0.000000000,3995,748,121
53,3.000000,1,3743.350000,218.410000,-5.539257,3530.479257,3530.479257,0.000000000,3977,790,211
54,3.000000,1,3822.460000,146.110000,-4.450919,3680.800919,3680.800919,0.000000000,3988,729,158
55,3.000000,1,3825.140000,207.160000,-2.535912,3620.515912,3620.515912,0.000000000,3995,824,197
56,3.000000,1,3772.630000,150.480000,14.085559,3608.064441,3608.064441,0.000000000,3996,770,143
57,3.000000,1,3822.070000,200.360000,16.554163,3605.155837,3605.155837,0.000000000,3990,773,176
58,3.000000,1,3725.030000,115.220000,2.911247,3606.898753,3606.898753,0.000000000,3995,732,123
59,3.000000,1,3792.740000,216.840000,13.239126,3562.660874,3562.660874,0.000000000,3999,767,221
60,3.000000,1,3712.580000,132.420000,8.818722,3571.341278,3571.341278,0.000000000,3992,778,140
61,3.000000,1,3676.650000,149.640000,17.990370,3509.019630,3509.019630,0.000000000,3994,739,131
62,3.000000,1,3547.140000,128.840000,-6.846263,3425.146263,3425.146263,0.000000000,3948,734,112
63,3.000000,1,3693.690000,137.700000,-4.779345,3560.769345,3560.769345,0.000000000,3994,744,127
64,3.000000,1,3600.490000,142.380000,6.346259,3451.763741,3451.763741,0.000000000,3969,704,101
65,3.000000,1,3804.280000,209.250000,11.701468,3583.328532,3583.328532,0.000000000,3991,782,205
66,3.000000,1,3745.310000,209.210000,14.609905,3521.490095,3521.490095,0.000000000,3995,817,152
67,3.000000,1,3742.100000,173.960000,2.392595,3565.747405,3565.747405,0.000000000,3996,758,145
68,3.000000,1,3766.410000,138.610000,7.272689,3620.527311,3620.527311,0.000000000,3999,723,130
69,3.000000,1,3730.050000,143.340000,5.293863,3581.416137,3581.416137,0.000000000,3996,740,130
70,3.000000,1,3806.840000,184.470000,2.688803,3619.681197,3619.681197,0.000000000,3991,768,172
71,3.000000,1,3648.920000,105.620000,-2.382892,3545.682892,3545.682892,0.000000000,3992,765,181
72,3.000000,1,3648.040000,131.130000,8.370376,3508.539624,3508.539624,0.000000000,3985,732,165
73,3.000000,1,3837.410000,173.290000,1.854584,3662.265416,3662.265416,0.000000000,3995,784,193
74,3.000000,1,3746.800000,121.730000,4.915982,3620.154018,3620.154018,0.000000000,3989,749,142
75,3.000000,1,3710.930000,125.930000,-4.490043,3589.490043,3589.490043,0.000000000,3989,767,140
76,3.000000,1,3788.810000,167.670000,9.328340,3611.811660,3611.811660,0.000000000,3994,760,138
77,3.000000,1,3698.710000,136.450000,0.016479,3562.243521,3562.243521,0.000000000,3995,728,116
78,3.000000,1,3834.740000,199.960000,10.820582,3623.959418,3623.959418,0.000000000,3987,755,216
79,3.000000,1,3744.340000,143.250000,4.261343,3596.828657,3596.828657,0.000000000,3996,756,119
80,3.000000,1,3641.850000,124.390000,-1.024702,3518.484702,3518.484702,0.000000000,3990,716,146
81,3.000000,1,3821.610000,201.350000,8.254193,3612.005807,3612.005807,0.000000000,3985,783,184
82,3.000000,1,3838.230000,154.650000,2.233466,3681.346534,3681.346534,0.000000000,3995,740,158
83,3.000000,1,3550.610000,103.770000,7.586206,3439.253794,3439.253794,0.000000000,3978,746,96
84,3.000000,1,3819.820000,143.270000,18.197209,3658.352791,3658.352791,0.000000000,3994,781,166
85,3.000000,1,3752.350000,159.780000,6.469211,3586.100789,3586.100789,0.000000000,3997,714,154
86,3.000000,1,3749.720000,160.540000,-15.450440,3604.630440,3604.630440,0.000000000,3991,777,166
87,3.000000,1,3805.850000,162.690000,-1.108419,3644.268419,3644.268419,0.000000000,3998,744,159
88,3.000000,1,3727.920000,142.320000,10.711511,3574.888489,3574.888489,0.000000000,3997,753,201
89,3.000000,1,3795.980000,176.150000,15.947276,3603.882724,3603.882724,0.000000000,3996,716,185
90,3.000000,1,3752.030000,172.520000,4.270596,3575.239404,3575.239404,0.000000000,3991,753,174
91,3.000000,1,3653.850000,123.060000,-8.419338,3539.209338,3539.209338,0.000000000,3995,730,109
92,3.000000,1,3748.450000,109.890000,1.766240,3636.793760,3636.793760,0.000000000,3990,738,152
93,3.000000,1,3840.200000,161.470000,5.567813,3673.162187,3673.162187,0.000000000,3990,794,160
94,3.000000,1,3783.620000,190.070000,5.543950,3588.006050,3588.006050,0.000000000,3996,745,195
95,3.000000,1,3806.720000,143.380000,2.349285,3660.990715,3660.990715,0.000000000,3989,743,144
96,3.000000,1,3834.940000,220.750000,3.685544,3610.504456,3610.504456,0.000000000,3997,790,313
97,3.000000,1,3696.390000,134.460000,-4.766914,3566.696914,3566.696914,0.000000000,3992,742,111
98,3.000000,1,3743.000000,175.080000,11.529517,3556.390483,3556.390483,0.000000000,3989,772,145
99,3.000000,1,3773.640000,163.260000,6.725235,3603.654765,3603.654765,0.000000000,3987,735,158
100,3.000000,1,3685.890000,101.950000,9.212969,3574.727031,3574.727031,0.000000000,3990,753,103
101,3.000000,1,3822.240000,187.350000,1.775257,3633.114743,3633.114743,0.000000000,3987,771,162
102,3.000000,1,3792.970000,182.750000,6.449926,3603.770074,3603.770074,0.000000000,3986,850,205
103,3.000000,1,3648.490000,97.800000,16.104617,3534.585383,3534.585383,0.000000000,3989,737,145
104,3.000000,1,3796.640000,206.640000,18.758361,3571.241639,3571.241639,0.000000000,3992,793,223
105,3.000000,1,3716.940000,151.950000,17.872188,3547.117812,3547.117812,0.000000000,3993,722,147
106,3.000000,1,3844.220000,181.920000,6.978664,3655.321336,3655.321336,0.000000000,3993,768,178
107,3.000000,1,3744.160000,147.180000,3.469322,3593.510678,3593.510678,0.000000000,3992,767,186
108,3.000000,1,3811.840000,173.420000,3.285146,3635.134854,3635.134854,0.000000000,3983,770,170
109,3.000000,1,3769.620000,128.220000,2.558366,3638.841634,3638.841634,0.000000000,3990,792,141
110,3.000000,1,3816.790000,149.040000,0.171516,3667.578484,3667.578484,0.000000000,3998,775,195
111,3.000000,1,3813.560000,166.350000,14.800239,3632.409761,3632.409761,0.000000000,3989,761,186
112,3.000000,1,3746.840000,181.690000,10.707386,3554.442614,3554.442614,0.000000000,3991,761,157
113,3.000000,1,3824.370000,150.610000,13.681357,3660.078643,3660.078643,0.000000000,3995,760,154
114,3.000000,1,3713.120000,133.980000,10.775550,3568.364450,3568.364450,0.000000000,3997,776,143
115,3.000000,1,3769.600000,112.560000,9.331347,3647.708653,3647.708653,0.000000000,3994,759,156
116,3.000000,1,3810.010000,182.370000,-2.092106,3629.732106,3629.732106,0.000000000,3992,750,169
117,3.000000,1,3648.750000,194.490000,-0.403303,3454.663303,3454.663303,0.000000000,3970,769,250
118,3.000000,1,3735.970000,137.040000,1.833220,3597.096780,3597.096780,0.000000000,3998,753,185
119,3.000000,1,3689.660000,223.840000,0.231588,3465.588412,3465.588412,0.000000000,3978,808,219
120,3.000000,1,3754.270000,156.480000,-2.859363,3600.649363,3600.649363,0.000000000,3992,759,132
121,3.000000,1,3613.530000,120.000000,-2.042852,3495.572852,3495.572852,0.000000000,3971,706,108
122,3.000000,1,3684.250000,122.730000,10.349399,3551.170601,3551.170601,0.000000000,3989,748,103
123,3.000000,1,3788.420000,162.510000,13.135944,3612.774056,3612.774056,0.000000000,3995,754,147
124,3.000000,1,3773.030000,208.290000,15.094330,3549.645670,3549.645670,0.000000000,3990,775,163
125,3.000000,1,3806.280000,154.220000,14.303364,3637.756636,3637.756636,0.000000000,3997,737,169
126,3.000000,1,3684.450000,146.970000,-3.712877,3541.192877,3541.192877,0.000000000,3989,730,116
127,3.000000,1,3763.860000,128.380000,-4.238818,3639.718818,3639.718818,0.000000000,3996,741,147
128,3.000000,1,3765.720000,157.890000,-2.340961,3610.170961,3610.170961,0.000000000,3996,772,159
129,3.000000,1,3755.520000,150.440000,-6.068550,3611.148550,3611.148550,0.000000000,3992,758,143
130,3.000000,1,3815.610000,121.340000,-1.891763,3696.161763,3696.161763,0.000000000,3994,722,155
131,3.000000,1,3820.150000,253.390000,5.954557,3560.805443,3560.805443,0.000000000,3987,774,225
132,3.000000,1,3832.300000,179.660000,16.118495,3636.521505,3636.521505,0.000000000,3994,781,177
133,3.000000,1,3731.340000,151.480000,-0.376125,3580.236125,3580.236125,0.000000000,3994,744,141
134,3.000000,1,3793.810000,128.350000,-7.188048,3672.648048,3672.648048,0.000000000,3994,736,152
135,3.000000,1,3734.560000,188.280000,3.747550,3542.532450,3542.532450,0.000000000,3989,779,151
136,3.000000,1,3688.460000,117.640000,4.665843,3566.154157,3566.154157,0.000000000,3995,734,137
137,3.000000,1,3745.370000,118.230000,3.408914,3623.731086,3623.731086,0.000000000,3995,733,225
138,3.000000,1,3703.790000,120.210000,23.588525,3559.991475,3559.991475,0.000000000,3992,718,155
139,3.000000,1,3714.060000,117.000000,-0.052230,3597.112230,3597.112230,0.000000000,3995,716,155
140,3.000000,1,3807.680000,178.580000,5.469255,3623.630745,3623.630745,0.000000000,3995,778,145
141,3.000000,1,3681.870000,153.200000,-3.875169,3532.545169,3532.545169,0.000000000,3989,754,139
142,3.000000,1,3733.040000,152.740000,-5.126160,3585.426160,3585.426160,0.000000000,3994,722,146
143,3.000000,1,3775.300000,140.540000,25.168057,3609.591943,3609.591943,0.000000000,3995,737,145
144,3.000000,1,3746.940000,189.440000,13.513964,3543.986036,3543.986036,0.000000000,3993,777,147
145,3.000000,1,3607.810000,202.140000,7.841639,3397.828361,3397.828361,0.000000000,3960,771,168
146,3.000000,1,3818.950000,202.880000,5.868877,3610.201123,3610.201123,0.000000000,3988,754,182
147,3.000000,1,3837.870000,167.070000,-2.792648,3673.592648,3673.592648,0.000000000,3992,760,166
148,3.000000,1,3746.740000,153.420000,4.365861,3588.954139,3588.954139,0.000000000,3990,770,172
149,3.000000,1,3799.770000,175.850000,6.678521,3617.241479,3617.241479,0.000000000,3990,782,150
150,3.000000,1,3777.110000,175.260000,3.535342,3598.314658,3598.314658,0.000000000,3990,717,164
151,3.000000,1,3652.150000,113.150000,-1.057009,3540.057009,3540.057009,0.000000000,3984,741,109
152,3.000000,1,3828.080000,228.890000,17.242841,3581.947159,3581.947159,0.000000000,3992,758,216
153,3.000000,1,3795.540000,192.440000,-0.333886,3603.433886,3603.433886,0.000000000,3995,798,163
154,3.000000,1,3732.610000,232.160000,15.015258,3485.434742,3485.434742,0.000000000,3978,773,254
155,3.000000,1,3732.790000,159.910000,12.403367,3560.476633,3560.476633,0.000000000,3989,763,151
156,3.000000,1,3764.280000,167.690000,3.073080,3593.516920,3593.516920,0.000000000,3993,754,145
157,3.000000,1,3818.320000,189.980000,-1.303463,3629.643463,3629.643463,0.000000000,3996,757,168
158,3.000000,1,3748.030000,106.940000,-2.983143,3644.073143,3644.073143,0.000000000,3997,752,162
159,3.000000,1,3836.000000,181.470000,2.187774,3652.342226,3652.342226,0.000000000,3989,744,203
160,3.000000,1,3735.610000,162.210000,15.699989,3557.700011,3557.700011,0.000000000,3995,823,159
161,3.000000,1,3806.700000,192.300000,13.256505,3601.143495,3601.143495,0.000000000,3998,786,171
162,3.000000,1,3718.950000,126.410000,-5.969703,3598.509703,3598.509703,0.000000000,3992,731,126
163,3.000000,1,3811.040000,187.370000,-3.533395,3627.203395,3627.203395,0.000000000,3993,777,193
164,3.000000,1,3685.480000,148.800000,22.741880,3513.938120,3513.938120,0.000000000,3994,773,178
165,3.000000,1,3684.400000,152.780000,6.632936,3524.987064,3524.987064,0.000000000,3988,774,114
166,3.000000,1,3705.090000,161.460000,-5.151773,3548.781773,3548.781773,0.000000000,3996,776,166
167,3.000000,1,3709.560000,115.940000,5.546691,3588.073309,3588.073309,0.000000000,3994,704,140
168,3.000000,1,3659.380000,117.330000,5.314568,3536.735432,3536.735432,0.000000000,3984,765,102
169,3.000000,1,3739.340000,216.040000,4.233075,3519.066925,3519.066925,0.000000000,3983,784,268
170,3.000000,1,3684.500000,108.260000,7.103000,3569.137000,3569.137000,0.000000000,3998,744,122
171,3.000000,1,3695.480000,137.300000,4.505808,3553.674192,3553.674192,0.000000000,3993,774,126
172,3.000000,1,3777.990000,131.760000,-7.472648,3653.702648,3653.702648,0.000000000,3996,747,167
173,3.000000,1,3843.870000,216.480000,3.203699,3624.186301,3624.186301,0.000000000,3988,768,197
174,3.000000,1,3666.980000,103.630000,4.901493,3558.448507,3558.448507,0.000000000,3995,700,122
175,3.000000,1,3682.710000,156.490000,13.532339,3512.687661,3512.687661,0.000000000,3989,754,155
176,3.000000,1,3744.510000,144.980000,13.494089,3586.035911,3586.035911,0.000000000,3994,786,141
177,3.000000,1,3836.090000,169.000000,13.653199,3653.436801,3653.436801,0.000000000,3993,776,168
178,3.000000,1,3711.220000,117.350000,0.308928,3593.561072,3593.561072,0.000000000,3994,783,108
179,3.000000,1,3712.630000,131.560000,18.675572,3562.394428,3562.394428,0.000000000,3992,744,139
180,3.000000,1,3733.840000,179.050000,-0.906110,3555.696110,3555.696110,0.000000000,3989,769,140
181,3.000000,1,3776.960000,135.880000,11.166230,3629.913770,3629.913770,0.000000000,3996,751,147
182,3.000000,1,3580.520000,108.130000,4.478075,3467.911925,3467.911925,0.000000000,3981,746,99
183,3.000000,1,3704.100000,117.030000,7.992896,3579.077104,3579.077104,0.000000000,3991,709,156
184,3.000000,1,3747.380000,183.680000,21.764294,3541.935706,3541.935706,0.000000000,3991,782,153
185,3.000000,1,3559.830000,207.020000,-3.287178,3356.097178,3356.097178,0.000000000,3935,759,231
186,3.000000,1,3818.490000,177.490000,3.313878,3637.686122,3637.686122,0.000000000,3992,728,158
187,3.000000,1,3747.310000,162.900000,4.447571,3579.962429,3579.962429,0.000000000,3995,762,157
188,3.000000,1,3751.730000,175.640000,6.701944,3569.388056,3569.388056,0.000000000,3995,777,176
189,3.000000,1,3770.690000,149.740000,-0.905352,3621.855352,3621.855352,0.000000000,3988,764,156
190,3.000000,1,3818.930000,185.470000,7.482062,3625.977938,3625.977938,0.000000000,3997,805,182
191,3.000000,1,3753.470000,145.390000,-6.575683,3614.655683,3614.655683,0.000000000,3996,782,132
192,3.000000,1,3690.420000,161.370000,18.772919,3510.277081,3510.277081,0.000000000,3997,794,159
193,3.000000,1,3832.110000,152.640000,0.751552,3678.718448,3678.718448,0.000000000,3997,774,187
194,3.000000,1,3778.310000,163.280000,16.393576,3598.636424,3598.636424,0.000000000,3990,734,162
195,3.000000,1,3724.570000,170.170000,-1.520961,3555.920961,3555.920961,0.000000000,3992,796,142
196,3.000000,1,3767.880000,160.980000,10.987951,3595.912049,3595.912049,0.000000000,3983,732,145
197,3.000000,1,3778.980000,198.710000,14.057567,3566.212433,3566.212433,0.000000000,3991,743,200
198,3.000000,1,3828.450000,173.470000,-3.219822,3658.199822,3658.199822,0.000000000,3988,760,170
199,3.000000,1,3767.210000,115.070000,2.576364,3649.563636,3649.563636,0.000000000,3995,785,140
200,3.000000,1,3832.190000,198.220000,5.181084,3628.788916,3628.788916,0.000000000,3995,768,188
201,3.000000,1,3830.430000,160.660000,13.186413,3656.583587,3656.583587,0.000000000,3989,756,218
202,3.000000,1,3785.500000,183.430000,4.269270,3597.800730,3597.800730,0.000000000,3995,792,171
203,3.000000,1,3740.170000,153.820000,6.765100,3579.584900,3579.584900,0.000000000,3995,797,130
204,3.000000,1,3717.830000,103.220000,7.579471,3607.030529,3607.030529,0.000000000,3993,738,123
205,3.000000,1,3704.020000,130.850000,1.624566,3571.545434,3571.545434,0.000000000,3991,801,135
206,3.000000,1,3758.110000,188.860000,9.389868,3559.860132,3559.860132,0.000000000,3989,724,158
207,3.000000,1,3412.480000,92.390000,3.653211,3316.436789,3316.436789,0.000000000,3959,765,161
208,3.000000,1,3688.860000,108.280000,-4.300292,3584.880292,3584.880292,0.000000000,3992,721,136
209,3.000000,1,3807.200000,218.490000,6.318151,3582.391849,3582.391849,0.000000000,3994,766,194
210,3.000000,1,3667.310000,108.940000,22.096863,3536.273137,3536.273137,0.000000000,3991,696,110
211,3.000000,1,3791.100000,180.610000,9.032147,3601.457853,3601.457853,0.000000000,3996,736,135
212,3.000000,1,3799.510000,115.530000,-0.137690,3684.117690,3684.117690,0.000000000,3992,739,157
213,3.000000,1,3811.220000,170.680000,16.954764,3623.585236,3623.585236,0.000000000,3985,763,181
214,3.000000,1,3747.560000,168.150000,24.738761,3554.671239,3554.671239,0.000000000,3991,719,155
215,3.000000,1,3640.620000,136.050000,14.897565,3489.672435,3489.672435,0.000000000,3988,762,112
216,3.000000,1,3695.560000,167.220000,-3.856203,3532.196203,3532.196203,0.000000000,3996,742,147
217,3.000000,1,3815.310000,212.410000,24.561465,3578.338535,3578.338535,0.000000000,3987,762,168
218,3.000000,1,3730.980000,192.700000,13.822383,3524.457617,3524.457617,0.000000000,3984,747,221
219,3.000000,1,3707.100000,142.670000,7.956170,3556.473830,3556.473830,0.000000000,3995,784,141
220,3.000000,1,3776.400000,173.560000,16.848203,3585.991797,3585.991797,0.000000000,3993,786,174
221,3.000000,1,3743.980000,159.370000,15.635674,3568.974326,3568.974326,0.000000000,3998,758,150
222,3.000000,1,3709.600000,144.740000,-3.922719,3568.782719,3568.782719,0.000000000,3989,736,122
223,3.000000,1,3769.350000,177.080000,9.872141,3582.397859,3582.397859,0.000000000,3988,779,161
224,3.000000,1,3644.110000,125.510000,5.259639,3513.340361,3513.340361,0.000000000,3989,749,107
225,3.000000,1,3837.530000,175.280000,2.866583,3659.383417,3659.383417,0.000000000,3990,766,184
226,3.000000,1,3698.780000,129.540000,8.206784,3561.033216,3561.033216,0.000000000,3992,694,129
227,3.000000,1,3739.790000,127.300000,6.048807,3606.441193,3606.441193,0.000000000,3995,760,168
228,3.000000,1,3814.690000,163.470000,-7.260011,3658.480011,3658.480011,0.000000000,3987,749,176
229,3.000000,1,3812.010000,173.310000,-4.085615,3642.785615,3642.785615,0.000000000,3995,796,167
230,3.000000,1,3704.680000,144.800000,18.065653,3541.814347,3541.814347,0.000000000,3995,757,153
231,3.000000,1,3816.310000,174.930000,-11.749664,3653.129664,3653.129664,0.000000000,3989,747,183
232,3.000000,1,3790.750000,161.170000,11.842625,3617.737375,3617.737375,0.000000000,3994,730,183
233,3.000000,1,3493.800000,109.730000,-7.833988,3391.903988,3391.903988,0.000000000,3954,725,100
234,3.000000,1,3799.850000,180.670000,16.677920,3602.502080,3602.502080,0.000000000,3996,759,160
235,3.000000,1,3798.080000,178.680000,-0.586307,3619.986307,3619.986307,0.000000000,3992,783,156
236,3.000000,1,3685.410000,133.910000,-5.413149,3556.913149,3556.913149,0.000000000,3997,733,112
237,3.000000,1,3776.910000,163.660000,6.353622,3606.896378,3606.896378,0.000000000,3996,806,162
238,3.000000,1,3744.970000,127.080000,12.614420,3605.275580,3605.275580,0.000000000,3997,742,153
239,3.000000,1,3789.870000,165.940000,3.764925,3620.165075,3620.165075,0.000000000,3997,739,160
240,3.000000,1,3798.460000,208.410000,5.831447,3584.218553,3584.218553,0.000000000,3990,790,178
241,3.000000,1,3684.800000,171.290000,13.383160,3500.126840,3500.126840,0.000000000,3993,770,140
242,3.000000,1,3752.700000,115.310000,-12.166369,3649.556369,3649.556369,0.000000000,3999,761,152
243,3.000000,1,3673.550000,132.750000,18.953164,3521.846836,3521.846836,0.000000000,3987,771,117
244,3.000000,1,3804.740000,148.990000,1.230234,3654.519766,3654.519766,0.000000000,3993,770,187
245,3.000000,1,3687.530000,130.970000,8.823796,3547.736204,3547.736204,0.000000000,3994,754,146
246,3.000000,1,3703.620000,126.730000,15.221043,3561.668957,3561.668957,0.000000000,3996,734,140
247,3.000000,1,3753.770000,119.730000,5.344376,3628.695624,3628.695624,0.000000000,3997,743,130
248,3.000000,1,3636.280000,127.630000,8.241058,3500.408942,3500.408942,0.000000000,3996,775,145
249,3.000000,1,3694.510000,121.220000,-7.925997,3581.215997,3581.215997,0.000000000,3991,739,113
250,3.000000,1,3779.720000,150.020000,-2.349271,3632.049271,3632.049271,0.000000000,3997,758,164
251,3.000000,1,3803.670000,166.670000,-10.681901,3647.681901,3647.681901,0.000000000,3991,753,171
252,3.000000,1,3748.110000,188.140000,-0.060466,3560.030466,3560.030466,0.000000000,3987,782,205
253,3.000000,1,3769.100000,119.590000,14.693447,3634.816553,3634.816553,0.000000000,3996,750,172
254,3.000000,1,3680.900000,138.300000,-4.654164,3547.254164,3547.254164,0.000000000,3991,746,131
255,3.000000,1,3739.080000,259.130000,16.534670,3463.415330,3463.415330,0.000000000,3982,792,244
256,3.000000,1,3739.340000,123.050000,17.379118,3598.910882,3598.910882,0.000000000,3995,735,138
257,3.000000,1,3820.540000,152.040000,0.009738,3668.490262,3668.490262,0.000000000,3993,758,165
258,3.000000,1,3821.650000,176.020000,11.022417,3634.607583,3634.607583,0.000000000,3993,774,173
259,3.000000,1,3691.230000,133.120000,2.613998,3555.496002,3555.496002,0.000000000,3995,799,125
260,3.000000,1,3764.220000,166.410000,4.512226,3593.297774,3593.297774,0.000000000,3997,772,137
261,3.000000,1,3845.270000,152.560000,16.032169,3676.677831,3676.677831,0.000000000,3994,773,160
262,3.000000,1,3805.290000,174.550000,11.925886,3618.814114,3618.814114,0.000000000,3993,800,213
263,3.000000,1,3815.770000,181.450000,15.062846,3619.257154,3619.257154,0.000000000,3988,725,199
264,3.000000,1,3806.630000,207.470000,3.606046,3595.553954,3595.553954,0.000000000,3999,734,152
265,3.000000,1,3704.970000,173.320000,-9.195716,3540.845716,3540.845716,0.000000000,3988,795,131
266,3.000000,1,3782.380000,159.860000,22.384889,3600.135111,3600.135111,0.000000000,3995,758,146
267,3.000000,1,3847.510000,186.350000,-2.502794,3663.662794,3663.662794,0.000000000,3986,754,194
268,3.000000,1,3794.390000,175.560000,15.064661,3603.765339,3603.765339,0.000000000,3996,698,166
269,3.000000,1,3765.310000,117.290000,-7.016793,3655.036793,3655.036793,0.000000000,3992,719,128
270,3.000000,1,3703.140000,129.840000,8.678603,3564.621397,3564.621397,0.000000000,3991,760,141
271,3.000000,1,3776.680000,187.260000,10.844934,3578.575066,3578.575066,0.000000000,3997,736,140
272,3.000000,1,3744.400000,119.630000,5.216860,3619.553140,3619.553140,0.000000000,3992,721,155
273,3.000000,1,3717.610000,147.470000,1.682421,3568.457579,3568.457579,0.000000000,3995,769,151
274,3.000000,1,3808.100000,152.220000,-17.765166,3673.645166,3673.645166,0.000000000,3995,765,160
275,3.000000,1,3640.730000,151.480000,3.354253,3485.895747,3485.895747,0.000000000,3977,744,125
276,3.000000,1,3738.350000,166.570000,-0.407498,3572.187498,3572.187498,0.000000000,3998,792,145
277,3.000000,1,3778.230000,274.010000,21.852155,3482.367845,3482.367845,0.000000000,3985,739,240
278,3.000000,1,3636.420000,72.230000,-5.519526,3569.709526,3569.709526,0.000000000,3990,763,87
279,3.000000,1,3783.740000,142.620000,-2.217269,3643.337269,3643.337269,0.000000000,3995,742,153
280,3.000000,1,3731.410000,183.670000,-3.925815,3551.665815,3551.665815,0.000000000,3992,797,148
281,3.000000,1,3820.340000,215.260000,1.940514,3603.139486,3603.139486,0.000000000,3991,785,184
282,3.000000,1,3799.350000,162.130000,-7.026456,3644.246456,3644.246456,0.000000000,3994,783,182
283,3.000000,1,3702.200000,111.780000,-1.244364,3591.664364,3591.664364,0.000000000,3992,725,133
284,3.000000,1,3792.470000,174.960000,13.500367,3604.009633,3604.009633,0.000000000,3993,790,163
285,3.000000,1,3724.160000,141.920000,0.474029,3581.765971,3581.765971,0.000000000,3994,743,121
286,3.000000,1,3728.090000,161.100000,14.673067,3552.316933,3552.316933,0.000000000,3987,766,185
287,3.000000,1,3790.900000,161.390000,-3.412140,3632.922140,3632.922140,0.000000000,3990,742,156
288,3.000000,1,3819.890000,166.570000,-6.364844,3659.684844,3659.684844,0.000000000,3984,760,157
289,3.000000,1,3799.660000,179.040000,-2.289808,3622.909808,3622.909808,0.000000000,3991,797,177
290,3.000000,1,3689.430000,125.590000,10.421911,3553.418089,3553.418089,0.000000000,3995,731,142
291,3.000000,1,3714.210000,165.040000,-8.690919,3557.860919,3557.860919,0.000000000,3991,767,131
292,3.000000,1,3720.270000,152.490000,9.714801,3558.065199,3558.065199,0.000000000,3995,763,138
293,3.000000,1,3783.530000,147.530000,8.531188,3627.468812,3627.468812,0.000000000,3989,745,198
294,3.000000,1,3678.480000,127.300000,12.753677,3538.426323,3538.426323,0.000000000,3989,765,128
295,3.000000,1,3737.380000,169.210000,3.700963,3564.469037,3564.469037,0.000000000,3998,755,178
296,3.000000,1,3811.140000,196.050000,-2.738919,3617.828919,3617.828919,0.000000000,3986,783,196
297,3.000000,1,3705.990000,154.700000,8.047297,3543.242703,3543.242703,0.000000000,3991,788,157
298,3.000000,1,3721.050000,106.820000,9.236629,3604.993371,3604.993371,0.000000000,3995,742,132
299,3.000000,1,3758.770000,130.860000,-2.480639,3630.390639,3630.390639,0.000000000,3993,778,126
300,3.000000,1,3545.310000,227.860000,15.031341,3302.418659,3302.418659,0.000000000,3944,742,226
301,3.000000,1,3732.290000,152.420000,-0.099039,3579.969039,3579.969039,0.000000000,3992,756,141
302,3.000000,1,3756.210000,144.270000,7.191338,3604.748662,3604.748662,0.000000000,3993,724,145
303,3.000000,1,3646.550000,135.290000,24.608334,3486.651666,3486.651666,0.000000000,3993,750,113
304,3.000000,1,3786.500000,202.030000,5.938328,3578.531672,3578.531672,0.000000000,3996,768,158
305,3.000000,1,3755.040000,175.970000,7.364671,3571.705329,3571.705329,0.000000000,3993,785,153
306,3.000000,1,3649.780000,162.400000,0.283510,3487.096490,3487.096490,0.000000000,3993,727,117
307,3.000000,1,3743.610000,128.060000,7.128167,3608.421833,3608.421833,0.000000000,3998,765,134
308,3.000000,1,3728.470000,114.780000,7.430161,3606.259839,3606.259839,0.000000000,3987,738,116
309,3.000000,1,3562.060000,110.340000,-18.043973,3469.763973,3469.763973,0.000000000,3977,761,107
310,3.000000,1,3602.890000,122.500000,13.768158,3466.621842,3466.621842,0.000000000,3976,740,137
311,3.000000,1,3706.960000,117.020000,3.919758,3586.020242,3586.020242,0.000000000,3995,714,124
312,3.000000,1,3726.510000,128.340000,-9.134381,3607.304381,3607.304381,0.000000000,3985,764,147
313,3.000000,1,3776.540000,159.470000,15.716705,3601.353295,3601.353295,0.000000000,3998,766,130
314,3.000000,1,3809.470000,155.600000,11.760216,3642.109784,3642.109784,0.000000000,3994,758,138
315,3.000000,1,3716.590000,145.900000,5.620167,3565.069833,3565.069833,0.000000000,3996,767,137
316,3.000000,1,3716.800000,93.290000,6.900376,3616.609624,3616.609624,0.000000000,3997,758,173
317,3.000000,1,3793.970000,136.620000,0.658338,3656.691662,3656.691662,0.000000000,3994,761,150
318,3.000000,1,3782.720000,144.890000,7.610307,3630.219693,3630.219693,0.000000000,3997,756,154
319,3.000000,1,3810.360000,138.830000,-4.283980,3675.813980,3675.813980,0.000000000,3994,781,144
320,3.000000,1,3828.620000,200.340000,6.763377,3621.516623,3621.516623,0.000000000,3991,771,176
321,3.000000,1,3759.890000,137.900000,10.928979,3611.061021,3611.061021,0.000000000,3995,761,189
322,3.000000,1,3826.450000,178.230000,9.744381,3638.475619,3638.475619,0.000000000,3983,781,175
323,3.000000,1,3193.690000,110.940000,16.020141,3066.729859,3066.729859,0.000000000,3932,710,129
324,3.000000,1,3723.060000,165.510000,-4.646572,3562.196572,3562.196572,0.000000000,3988,791,163
325,3.000000,1,3779.070000,226.580000,12.361787,3540.128213,3540.128213,0.000000000,3995,746,190
326,3.000000,1,3831.070000,175.380000,10.543091,3645.146909,3645.146909,0.000000000,3990,748,160
327,3.000000,1,3751.510000,194.440000,23.295840,3533.774160,3533.774160,0.000000000,3993,748,170
328,3.000000,1,3799.040000,177.590000,12.386662,3609.063338,3609.063338,0.000000000,3995,785,173
329,3.000000,1,3785.290000,169.220000,-3.593313,3619.663313,3619.663313,0.000000000,3992,792,171
330,3.000000,1,3755.150000,145.540000,4.600609,3605.009391,3605.009391,0.000000000,3992,743,120
331,3.000000,1,3734.910000,202.790000,22.408759,3509.711241,3509.711241,0.000000000,3984,764,254
332,3.000000,1,3663.120000,168.590000,0.276142,3494.253858,3494.253858,0.000000000,3987,783,138
333,3.000000,1,3762.850000,141.080000,0.702519,3621.067481,3621.067481,0.000000000,3992,760,191
334,3.000000,1,3804.000000,138.960000,3.803208,3661.236792,3661.236792,0.000000000,3997,764,161
335,3.000000,1,3816.160000,177.060000,23.812447,3615.287553,3615.287553,0.000000000,3989,813,201
336,3.000000,1,3763.080000,149.970000,6.219541,3606.890459,3606.890459,0.000000000,3997,691,165
337,3.000000,1,3763.980000,178.790000,5.795632,3579.394368,3579.394368,0.000000000,3995,794,131
338,3.000000,1,3793.250000,153.830000,1.145028,3638.274972,3638.274972,0.000000000,3991,796,151
339,3.000000,1,3792.090000,173.400000,9.077160,3609.612840,3609.612840,0.000000000,3994,759,174
340,3.000000,1,3820.190000,130.770000,9.743652,3679.676348,3679.676348,0.000000000,3990,782,164
341,3.000000,1,3688.180000,131.510000,2.953068,3553.716932,3553.716932,0.000000000,3989,727,101
342,3.000000,1,3815.640000,151.250000,-8.544511,3672.934511,3672.934511,0.000000000,3997,723,166
343,3.000000,1,3814.010000,195.720000,0.161805,3618.128195,3618.128195,0.000000000,3990,754,171
344,3.000000,1,3807.520000,171.150000,-10.698306,3647.068306,3647.068306,0.000000000,3986,772,177
345,3.000000,1,3632.060000,130.540000,2.907854,3498.612146,3498.612146,0.000000000,3996,758,114
346,3.000000,1,3736.850000,152.320000,4.217163,3580.312837,3580.312837,0.000000000,3995,756,160
347,3.000000,1,3832.770000,179.050000,-8.604653,3662.324653,3662.324653,0.000000000,3982,770,185
348,3.000000,1,3795.050000,120.040000,-9.808664,3684.818664,3684.818664,0.000000000,3995,714,142
349,3.000000,1,3765.200000,140.480000,-7.411599,3632.131599,3632.131599,0.000000000,3994,768,166
350,3.000000,1,3756.580000,141.200000,-11.089493,3626.469493,3626.469493,0.000000000,3992,734,140
351,3.000000,1,3616.660000,119.870000,10.924702,3485.865298,3485.865298,0.000000000,3987,715,113
352,3.000000,1,3743.820000,127.720000,5.022404,3611.077596,3611.077596,0.000000000,3994,766,135
353,3.000000,1,3783.070000,151.960000,4.063446,3627.046554,3627.046554,0.000000000,3995,738,169
354,3.000000,1,3763.870000,161.960000,5.491438,3596.418562,3596.418562,0.000000000,3995,738,171
355,3.000000,1,3795.590000,171.190000,2.068149,3622.331851,3622.331851,0.000000000,3991,777,174
356,3.000000,1,3670.520000,128.250000,3.154446,3539.115554,3539.115554,0.000000000,3995,748,145
357,3.000000,1,3722.710000,139.660000,7.899212,3575.150788,3575.150788,0.000000000,3993,748,130
358,3.000000,1,3753.470000,191.660000,8.066192,3553.743808,3553.743808,0.000000000,3990,776,156
359,3.000000,1,3697.590000,116.020000,-2.492310,3584.062310,3584.062310,0.000000000,3994,695,118
360,3.000000,1,3728.850000,138.540000,0.093473,3590.216527,3590.216527,0.000000000,3992,742,198
361,3.000000,1,3769.860000,165.280000,1.981442,3602.598558,3602.598558,0.000000000,3994,764,154
362,3.000000,1,3753.770000,152.650000,10.982878,3590.137122,3590.137122,0.000000000,3995,787,160
363,3.000000,1,3707.090000,129.680000,5.652920,3571.757080,3571.757080,0.000000000,3990,762,165
364,3.000000,1,3726.080000,214.930000,15.406608,3495.743392,3495.743392,0.000000000,3967,803,203
365,3.000000,1,3734.490000,155.340000,6.609218,3572.540782,3572.540782,0.000000000,3992,756,146
366,3.000000,1,3791.800000,123.400000,7.907055,3660.492945,3660.492945,0.000000000,3994,749,135
367,3.000000,1,3657.890000,135.330000,5.035384,3517.524616,3517.524616,0.000000000,3997,734,169
368,3.000000,1,3704.900000,129.310000,2.391644,3573.198356,3573.198356,0.000000000,3994,719,126
369,3.000000,1,3731.850000,141.940000,12.163085,3577.746915,3577.746915,0.000000000,3995,723,121
370,3.000000,1,3725.700000,127.870000,5.961902,3591.868098,3591.868098,0.000000000,3988,736,118
371,3.000000,1,3845.460000,169.520000,-2.164341,3678.104341,3678.104341,0.000000000,3996,771,192
372,3.000000,1,3807.610000,216.800000,-7.131887,3597.941887,3597.941887,0.000000000,3986,778,224
373,3.000000,1,3747.600000,168.470000,10.082948,3569.047052,3569.047052,0.000000000,3996,790,130
374,3.000000,1,3712.400000,110.800000,-0.893022,3602.493022,3602.493022,0.000000000,3992,787,145
375,3.000000,1,3745.010000,135.650000,7.552655,3601.807345,3601.807345,0.000000000,3993,775,138
376,3.000000,1,3804.830000,178.680000,6.979290,3619.170710,3619.170710,0.000000000,3978,810,219
377,3.000000,1,3729.530000,131.350000,-7.197138,3605.377138,3605.377138,0.000000000,3967,721,191
378,3.000000,1,3809.170000,167.570000,10.741337,3630.858663,3630.858663,0.000000000,3993,797,145
379,3.000000,1,3805.490000,165.430000,0.917370,3639.142630,3639.142630,0.000000000,3997,749,170
380,3.000000,1,3759.350000,142.320000,5.923599,3611.106401,3611.106401,0.000000000,3995,786,135
381,3.000000,1,3818.010000,143.490000,20.293738,3654.226262,3654.226262,0.000000000,3992,769,150
382,3.000000,1,3732.540000,163.780000,-1.196266,3569.956266,3569.956266,0.000000000,3997,762,141
383,3.000000,1,3732.450000,215.150000,-0.124522,3517.424522,3517.424522,0.000000000,3977,766,217
384,3.000000,1,3665.260000,142.000000,-4.255758,3527.515758,3527.515758,0.000000000,3987,732,102
385,3.000000,1,3696.920000,162.530000,9.844332,3524.545668,3524.545668,0.000000000,3986,749,143
386,3.000000,1,3801.980000,129.250000,7.257511,3665.472489,3665.472489,0.000000000,3998,748,169
387,3.000000,1,3763.900000,177.070000,16.608284,3570.221716,3570.221716,0.000000000,3998,788,176
388,3.000000,1,3806.580000,169.810000,-1.357805,3638.127805,3638.127805,0.000000000,3992,741,168
389,3.000000,1,3769.110000,157.170000,12.837842,3599.102158,3599.102158,0.000000000,3996,792,161
390,3.000000,1,3767.110000,126.530000,8.193993,3632.386007,3632.386007,0.000000000,3997,749,171
391,3.000000,1,3667.070000,108.290000,8.233797,3550.546203,3550.546203,0.000000000,3991,730,102
392,3.000000,1,3654.660000,137.130000,5.027396,3512.502604,3512.502604,0.000000000,3987,751,94
393,3.000000,1,3684.930000,128.510000,14.928981,3541.491019,3541.491019,0.000000000,3998,788,159
394,3.000000,1,3789.940000,120.860000,14.914127,3654.165873,3654.165873,0.000000000,3994,754,158
395,3.000000,1,3677.240000,145.030000,3.217899,3528.992101,3528.992101,0.000000000,3990,779,156
396,3.000000,1,3656.840000,106.370000,6.008896,3544.461104,3544.461104,0.000000000,3987,739,115
397,3.000000,1,3792.940000,183.910000,9.701720,3599.328280,3599.328280,0.000000000,3989,744,230
398,3.000000,1,3817.030000,209.770000,12.679527,3594.580473,3594.580473,0.000000000,3995,721,206
399,3.000000,1,3650.080000,100.070000,12.383029,3537.626971,3537.626971,0.000000000,3989,735,114
400,3.000000,1,3839.470000,162.350000,5.863139,3671.256861,3671.256861,0.000000000,3994,768,154
401,3.000000,1,3720.470000,148.360000,-1.830156,3573.940156,3573.940156,0.000000000,3994,749,155
402,3.000000,1,3740.150000,192.240000,7.068261,3540.841739,3540.841739,0.000000000,3991,741,165
403,3.000000,1,3814.410000,157.710000,20.227202,3636.472798,3636.472798,0.000000000,3994,721,160
404,3.000000,1,3720.450000,169.220000,-3.097894,3554.327894,3554.327894,0.000000000,3999,742,160
405,3.000000,1,3811.930000,201.930000,1.583858,3608.416142,3608.416142,0.000000000,3994,754,178
406,3.000000,1,3625.280000,113.900000,4.796268,3506.583732,3506.583732,0.000000000,3983,749,116
407,3.000000,1,3670.540000,146.300000,-3.044297,3527.284297,3527.284297,0.000000000,3991,761,128
408,3.000000,1,3818.960000,148.370000,2.206799,3668.383201,3668.383201,0.000000000,3998,762,163
409,3.000000,1,3624.700000,112.300000,1.518987,3510.881013,3510.881013,0.000000000,3986,726,117
410,3.000000,1,3710.280000,143.840000,18.467758,3547.972242,3547.972242,0.000000000,3986,720,119
411,3.000000,1,3814.980000,176.210000,-1.722081,3640.492081,3640.492081,0.000000000,3996,751,157
412,3.000000,1,3748.990000,169.050000,0.243259,3579.696741,3579.696741,0.000000000,3998,778,142
413,3.000000,1,3784.390000,178.730000,6.306301,3599.353699,3599.353699,0.000000000,3989,807,202
414,3.000000,1,3793.440000,182.140000,1.731499,3609.568501,3609.568501,0.000000000,3998,793,152
415,3.000000,1,3757.270000,128.340000,-0.903984,3629.833984,3629.833984,0.000000000,3997,768,135
416,3.000000,1,3712.960000,151.720000,3.963036,3557.276964,3557.276964,0.000000000,3990,771,130
417,3.000000,1,3825.600000,162.250000,10.073165,3653.276835,3653.276835,0.000000000,3993,740,190
418,3.000000,1,3750.060000,180.560000,-10.126454,3579.626454,3579.626454,0.000000000,3993,721,166
419,3.000000,1,3805.150000,187.040000,-2.134094,3620.244094,3620.244094,0.000000000,3993,796,224
420,3.000000,1,3820.630000,229.030000,6.491459,3585.108541,3585.108541,0.000000000,3990,771,180
421,3.000000,1,3828.660000,158.000000,14.058353,3656.601647,3656.601647,0.000000000,3993,782,187
422,3.000000,1,3682.780000,119.430000,5.883861,3557.466139,3557.466139,0.000000000,3996,758,142
423,3.000000,1,3664.550000,103.680000,6.836652,3554.033348,3554.033348,0.000000000,3990,714,201
424,3.000000,1,3747.400000,131.050000,5.982886,3610.367114,3610.367114,0.000000000,3996,768,159
425,3.000000,1,3743.670000,155.700000,3.949110,3584.020890,3584.020890,0.000000000,3995,770,153
426,3.000000,1,3762.230000,168.120000,2.062698,3592.047302,3592.047302,0.000000000,3998,800,171
427,3.000000,1,3744.310000,160.570000,-2.090518,3585.830518,3585.830518,0.000000000,3995,803,142
428,3.000000,1,3754.150000,146.510000,3.232361,3604.407639,3604.407639,0.000000000,3992,771,141
429,3.000000,1,3742.690000,176.070000,-2.347572,3568.967572,3568.967572,0.000000000,3988,727,150
430,3.000000,1,3739.870000,173.650000,5.616836,3560.603164,3560.603164,0.000000000,3992,794,149
431,3.000000,1,3704.180000,156.690000,-7.354025,3554.844025,3554.844025,0.000000000,3996,745,132
432,3.000000,1,3816.070000,147.110000,8.471303,3660.488697,3660.488697,0.000000000,3992,764,182
433,3.000000,1,3659.120000,118.780000,11.950512,3528.389488,3528.389488,0.000000000,3987,734,111
434,3.000000,1,3777.690000,203.870000,7.907102,3565.912898,3565.912898,0.000000000,3991,730,172
435,3.000000,1,3780.470000,147.170000,5.749368,3627.550632,3627.550632,0.000000000,3987,774,129
436,3.000000,1,3402.820000,94.120000,1.409659,3307.290341,3307.290341,0.000000000,3964,733,82
437,3.000000,1,3787.950000,130.120000,5.401583,3652.428417,3652.428417,0.000000000,3988,765,178
438,3.000000,1,3676.650000,142.200000,5.213479,3529.236521,3529.236521,0.000000000,3995,796,135
439,3.000000,1,3709.360000,118.690000,11.891882,3578.778118,3578.778118,0.000000000,3995,763,151
440,3.000000,1,3825.540000,188.210000,-6.143251,3643.473251,3643.473251,0.000000000,3992,739,171
441,3.000000,1,3809.370000,211.890000,-3.042501,3600.522501,3600.522501,0.000000000,3985,801,208
442,3.000000,1,3744.260000,133.270000,-8.468154,3619.458154,3619.458154,0.000000000,3991,782,127
443,3.000000,1,3815.910000,160.590000,3.468761,3651.851239,3651.851239,0.000000000,3992,771,161
444,3.000000,1,3761.860000,188.230000,8.655269,3564.974731,3564.974731,0.000000000,3998,764,146
445,3.000000,1,3696.900000,105.740000,-10.430076,3601.590076,3601.590076,0.000000000,3995,713,146
446,3.000000,1,3614.690000,138.750000,10.371550,3465.568450,3465.568450,0.000000000,3979,738,121
447,3.000000,1,3636.300000,130.420000,-0.827462,3506.707462,3506.707462,0.000000000,3988,773,104
448,3.000000,1,3561.240000,121.670000,3.853477,3435.716523,3435.716523,0.000000000,3980,740,109
449,3.000000,1,3696.920000,122.620000,-4.855369,3579.155369,3579.155369,0.000000000,3993,786,182
450,3.000000,1,3734.160000,142.620000,9.716391,3581.823609,3581.823609,0.000000000,3990,724,140
451,3.000000,1,3734.930000,143.870000,-11.589402,3602.649402,3602.649402,0.000000000,3991,738,155
452,3.000000,1,3775.030000,190.170000,2.089362,3582.770638,3582.770638,0.000000000,3993,800,206
453,3.000000,1,3806.150000,176.140000,12.215657,3617.794343,3617.794343,0.000000000,3991,771,160
454,3.000000,1,3735.690000,189.760000,10.702643,3535.227357,3535.227357,0.000000000,3993,755,154
455,3.000000,1,3762.190000,140.990000,8.557956,3612.642044,3612.642044,0.000000000,3997,780,145
456,3.000000,1,3727.680000,155.550000,-5.963011,3578.093011,3578.093011,0.000000000,3991,750,134
457,3.000000,1,3813.670000,207.400000,13.243385,3593.026615,3593.026615,0.000000000,3992,740,169
458,3.000000,1,3833.480000,166.050000,14.254036,3653.175964,3653.175964,0.000000000,3993,752,159
459,3.000000,1,3779.970000,211.920000,10.048046,3558.001954,3558.001954,0.000000000,3995,773,189
460,3.000000,1,3745.440000,166.340000,13.763296,3565.336704,3565.336704,0.000000000,3996,761,238
461,3.000000,1,3833.670000,169.950000,31.348785,3632.371215,3632.371215,0.000000000,3991,781,197
462,3.000000,1,3693.420000,163.900000,19.262693,3510.257307,3510.257307,0.000000000,3996,780,127
463,3.000000,1,3740.360000,129.110000,2.327945,3608.922055,3608.922055,0.000000000,3995,761,139
464,3.000000,1,3761.450000,144.900000,-4.748614,3621.298614,3621.298614,0.000000000,3994,750,163
465,3.000000,1,3792.500000,180.330000,10.076112,3602.093888,3602.093888,0.000000000,3996,777,161
466,3.000000,1,3700.150000,156.950000,21.707502,3521.492498,3521.492498,0.000000000,3989,775,124
467,3.000000,1,3717.290000,116.540000,-4.807744,3605.557744,3605.557744,0.000000000,3985,775,108
468,3.000000,1,3776.700000,169.870000,4.066164,3602.763836,3602.763836,0.000000000,3997,768,203
469,3.000000,1,3555.950000,124.080000,-4.587669,3436.457669,3436.457669,0.000000000,3975,764,121
470,3.000000,1,3744.970000,166.580000,1.231843,3577.158157,3577.158157,0.000000000,3996,758,144
471,3.000000,1,3829.990000,224.890000,18.875752,3586.224248,3586.224248,0.000000000,3989,770,219
472,3.000000,1,3651.860000,133.050000,0.729590,3518.080410,3518.080410,0.000000000,3982,736,158
473,3.000000,1,3816.300000,195.610000,-0.493167,3621.183167,3621.183167,0.000000000,3994,733,177
474,3.000000,1,3742.180000,161.200000,-7.388524,3588.368524,3588.368524,0.000000000,3995,705,152
475,3.000000,1,3785.550000,147.670000,-3.368294,3641.248294,3641.248294,0.000000000,3997,747,150
476,3.000000,1,3782.600000,202.810000,11.928704,3567.861296,3567.861296,0.000000000,3992,735,161
477,3.000000,1,3822.330000,202.270000,-3.545142,3623.605142,3623.605142,0.000000000,3995,790,175
478,3.000000,1,3668.340000,167.350000,-2.957744,3503.947744,3503.947744,0.000000000,3996,786,130
479,3.000000,1,3823.350000,127.750000,-4.083318,3699.683318,3699.683318,0.000000000,3995,755,154
480,3.000000,1,3709.510000,133.620000,3.917535,3571.972465,3571.972465,0.000000000,3994,743,135
481,3.000000,1,3719.720000,161.070000,13.567006,3545.082994,3545.082994,0.000000000,3995,744,131
482,3.000000,1,3820.360000,168.870000,-0.504092,3651.994092,3651.994092,0.000000000,3995,749,182
483,3.000000,1,3703.470000,113.750000,9.780696,3579.939304,3579.939304,0.000000000,3984,779,136
484,3.000000,1,3728.050000,127.070000,-14.967573,3615.947573,3615.947573,0.000000000,3989,773,150
485,3.000000,1,3541.490000,184.440000,0.781644,3356.268356,3356.268356,0.000000000,3953,740,215
486,3.000000,1,3804.240000,183.680000,-1.328830,3621.888830,3621.888830,0.000000000,3997,819,143
487,3.000000,1,3771.960000,136.090000,2.595410,3633.274590,3633.274590,0.000000000,3991,755,182
488,3.000000,1,3735.320000,135.260000,-1.738107,3601.798107,3601.798107,0.000000000,3994,735,164
489,3.000000,1,3697.560000,151.740000,0.457896,3545.362104,3545.362104,0.000000000,3990,750,142
490,3.000000,1,3711.130000,99.850000,15.760980,3595.519020,3595.519020,0.000000000,3999,713,151
491,3.000000,1,3759.990000,168.490000,-5.827790,3597.327790,3597.327790,0.000000000,3992,796,146
492,3.000000,1,3742.120000,107.790000,0.806358,3633.523642,3633.523642,0.000000000,3992,778,138
493,3.000000,1,3829.820000,158.510000,4.046488,3667.263512,3667.263512,0.000000000,3992,754,210
494,3.000000,1,3634.490000,133.910000,0.857587,3499.722413,3499.722413,0.000000000,3990,746,154
495,3.000000,1,3692.760000,137.660000,21.155225,3533.944775,3533.944775,0.000000000,3991,775,206
496,3.000000,1,3827.430000,198.190000,13.828692,3615.411308,3615.411308,0.000000000,3988,735,208
497,3.000000,1,3787.700000,154.900000,11.485153,3621.314847,3621.314847,0.000000000,3993,752,161
498,3.000000,1,3835.280000,204.750000,9.573368,3620.956632,3620.956632,0.000000000,3990,755,214
499,3.000000,1,3722.030000,127.700000,6.720133,3587.609867,3587.609867,0.000000000,3993,737,141
