session_id,policy,informed_frac,gross_capture,adverse_cost,inventory_mark,pnl_decomposed,pnl_oracle,final_inventory,final_value,fills,informed_fills,discarded_takers,identity_ok
0,fixed,0.2000,7380,348,293,7325,7325,2,-16,3690,402,310,1
1,fixed,0.2000,7358,399,-192,6767,6767,43,-3,3679,432,321,1
2,fixed,0.2000,7376,389,-219,6768,6768,-38,8,3688,337,312,1
3,fixed,0.2000,7412,342,-278,6792,6792,26,-34,3706,348,294,1
4,fixed,0.2000,7334,313,-9,7012,7012,39,-3,3667,395,333,1
5,fixed,0.2000,7424,295,147,7276,7276,-72,9,3712,406,288,1
6,fixed,0.2000,7458,300,102,7260,7260,41,-6,3729,383,271,1
7,fixed,0.2000,7460,333,42,7169,7169,10,-4,3730,362,270,1
8,fixed,0.2000,7498,320,-23,7155,7155,-13,7,3749,368,251,1
9,fixed,0.2000,7422,283,1273,8412,8412,9,32,3711,371,289,1
10,fixed,0.2000,7298,326,-433,6539,6539,-71,7,3649,394,351,1
11,fixed,0.2000,7478,323,786,7941,7941,53,3,3739,424,261,1
12,fixed,0.2000,7434,455,277,7256,7256,-17,1,3717,397,283,1
13,fixed,0.2000,7492,267,76,7301,7301,-18,3,3746,360,254,1
14,fixed,0.2000,7378,374,594,7598,7598,-47,-6,3689,365,311,1
15,fixed,0.2000,7456,303,85,7238,7238,-2,-9,3728,377,272,1
16,fixed,0.2000,7496,306,-220,6970,6970,36,4,3748,419,252,1
17,fixed,0.2000,7506,301,37,7242,7242,25,-9,3753,378,247,1
18,fixed,0.2000,7392,328,-996,6068,6068,78,-27,3696,435,304,1
19,fixed,0.2000,7436,214,295,7517,7517,-4,9,3718,351,282,1
20,fixed,0.2000,7526,336,242,7432,7432,-5,0,3763,383,237,1
21,fixed,0.2000,7340,249,-836,6255,6255,46,-18,3670,372,330,1
22,fixed,0.2000,7408,327,-515,6566,6566,-72,25,3704,337,296,1
23,fixed,0.2000,7526,290,365,7601,7601,17,-9,3763,349,237,1
24,fixed,0.2000,7456,267,27,7216,7216,-24,7,3728,338,272,1
25,fixed,0.2000,7420,396,-137,6887,6887,-38,8,3710,376,290,1
26,fixed,0.2000,7418,311,-38,7069,7069,61,-1,3709,396,291,1
27,fixed,0.2000,7418,324,65,7159,7159,-25,5,3709,374,291,1
28,fixed,0.2000,7394,378,29,7045,7045,37,17,3697,428,303,1
29,fixed,0.2000,7486,254,211,7443,7443,17,8,3743,366,257,1
30,fixed,0.2000,7464,284,-290,6890,6890,38,-15,3732,387,268,1
31,fixed,0.2000,7386,416,244,7214,7214,-15,-10,3693,371,307,1
32,fixed,0.2000,7484,318,230,7396,7396,-20,3,3742,344,258,1
33,fixed,0.2000,7492,269,96,7319,7319,16,2,3746,369,254,1
34,fixed,0.2000,7388,357,418,7449,7449,-8,-26,3694,399,306,1
35,fixed,0.2000,7390,443,573,7520,7520,-97,5,3695,436,305,1
36,fixed,0.2000,7496,285,-217,6994,6994,42,-12,3748,354,252,1
37,fixed,0.2000,7442,281,-181,6980,6980,45,-16,3721,327,279,1
38,fixed,0.2000,7450,305,125,7270,7270,7,-8,3725,392,275,1
39,fixed,0.2000,7472,308,291,7455,7455,-54,5,3736,428,264,1
40,fixed,0.2000,7472,419,304,7357,7357,18,-5,3736,379,264,1
41,fixed,0.2000,7344,417,174,7101,7101,-46,4,3672,420,328,1
42,fixed,0.2000,7474,394,379,7459,7459,25,15,3737,436,263,1
43,fixed,0.2000,7478,281,44,7241,7241,-1,7,3739,336,261,1
44,fixed,0.2000,7404,392,-1382,5630,5630,-96,36,3702,364,298,1
45,fixed,0.2000,7400,306,-712,6382,6382,40,-26,3700,347,300,1
46,fixed,0.2000,7474,299,390,7565,7565,-25,8,3737,358,263,1
47,fixed,0.2000,7440,267,-414,6759,6759,-32,10,3720,346,280,1
48,fixed,0.2000,7304,359,252,7197,7197,92,0,3652,370,348,1
49,fixed,0.2000,7464,266,176,7374,7374,-30,-5,3732,333,268,1
50,fixed,0.2000,7480,319,-340,6821,6821,-20,22,3740,401,260,1
51,fixed,0.2000,7456,270,131,7317,7317,-46,4,3728,370,272,1
52,fixed,0.2000,7398,368,435,7465,7465,-39,-1,3699,383,301,1
53,fixed,0.2000,7404,297,137,7244,7244,44,0,3702,413,298,1
54,fixed,0.2000,7470,313,31,7188,7188,-23,-7,3735,342,265,1
55,fixed,0.2000,7480,238,-276,6966,6966,46,-17,3740,363,260,1
56,fixed,0.2000,7512,237,-446,6829,6829,-2,1,3756,389,244,1
57,fixed,0.2000,7478,348,-110,7020,7020,-1,-15,3739,394,261,1
58,fixed,0.2000,7448,305,285,7428,7428,28,8,3724,434,276,1
59,fixed,0.2000,7390,304,257,7343,7343,1,-6,3695,345,305,1
60,fixed,0.2000,7418,261,-406,6751,6751,33,-24,3709,399,291,1
61,fixed,0.2000,7450,380,502,7572,7572,-43,1,3725,435,275,1
62,fixed,0.2000,7510,348,433,7595,7595,-43,-16,3755,392,245,1
63,fixed,0.2000,7410,237,199,7372,7372,45,-4,3705,390,295,1
64,fixed,0.2000,7426,333,-380,6713,6713,-27,29,3713,374,287,1
65,fixed,0.2000,7418,302,251,7367,7367,15,-24,3709,361,291,1
66,fixed,0.2000,7446,236,314,7524,7524,-13,1,3723,406,277,1
67,fixed,0.2000,7474,304,-40,7130,7130,-21,24,3737,385,263,1
68,fixed,0.2000,7420,225,-50,7145,7145,-18,7,3710,355,290,1
69,fixed,0.2000,7468,357,24,7135,7135,-10,14,3734,429,266,1
70,fixed,0.2000,7450,271,218,7397,7397,11,-11,3725,418,275,1
71,fixed,0.2000,7438,269,-721,6448,6448,69,-26,3719,418,281,1
72,fixed,0.2000,7396,378,-67,6951,6951,-36,7,3698,437,302,1
73,fixed,0.2000,7420,454,204,7170,7170,-52,4,3710,409,290,1
74,fixed,0.2000,7452,297,256,7411,7411,-2,-15,3726,389,274,1
75,fixed,0.2000,7450,265,615,7800,7800,13,-10,3725,345,275,1
76,fixed,0.2000,7442,337,168,7273,7273,-65,4,3721,370,279,1
77,fixed,0.2000,7372,389,409,7392,7392,-4,10,3686,364,314,1
78,fixed,0.2000,7422,300,-98,7024,7024,-7,17,3711,373,289,1
79,fixed,0.2000,7376,303,74,7147,7147,4,-6,3688,383,312,1
80,fixed,0.2000,7402,350,86,7138,7138,43,-1,3701,372,299,1
81,fixed,0.2000,7426,322,29,7133,7133,11,6,3713,355,287,1
82,fixed,0.2000,7422,288,378,7512,7512,69,9,3711,391,289,1
83,fixed,0.2000,7490,411,399,7478,7478,9,-23,3745,445,255,1
84,fixed,0.2000,7446,336,119,7229,7229,11,0,3723,422,277,1
85,fixed,0.2000,7384,378,361,7367,7367,2,-11,3692,417,308,1
86,fixed,0.2000,7404,366,-117,6921,6921,34,-19,3702,385,298,1
87,fixed,0.2000,7460,311,375,7524,7524,-28,11,3730,373,270,1
88,fixed,0.2000,7450,339,1410,8521,8521,47,20,3725,426,275,1
89,fixed,0.2000,7430,378,87,7139,7139,-17,-17,3715,347,285,1
90,fixed,0.2000,7384,254,-187,6943,6943,-12,2,3692,360,308,1
91,fixed,0.2000,7436,296,221,7361,7361,12,-14,3718,318,282,1
92,fixed,0.2000,7340,366,241,7215,7215,-8,16,3670,416,330,1
93,fixed,0.2000,7456,296,-448,6712,6712,-62,24,3728,391,272,1
94,fixed,0.2000,7418,320,375,7473,7473,55,-2,3709,366,291,1
95,fixed,0.2000,7452,320,287,7419,7419,-2,-5,3726,405,274,1
96,fixed,0.2000,7382,315,143,7210,7210,-53,8,3691,361,309,1
97,fixed,0.2000,7430,425,193,7198,7198,11,-1,3715,369,285,1
98,fixed,0.2000,7434,278,-248,6908,6908,-55,-17,3717,391,283,1
99,fixed,0.2000,7452,314,-11,7127,7127,-46,4,3726,379,274,1
100,fixed,0.2000,7342,410,323,7255,7255,-3,18,3671,396,329,1
101,fixed,0.2000,7474,317,-422,6735,6735,27,-29,3737,372,263,1
102,fixed,0.2000,7422,339,-416,6667,6667,-27,17,3711,418,289,1
103,fixed,0.2000,7430,405,81,7106,7106,-5,-6,3715,384,285,1
104,fixed,0.2000,7512,359,-128,7025,7025,22,-15,3756,482,244,1
105,fixed,0.2000,7452,398,-6,7048,7048,28,-11,3726,392,274,1
106,fixed,0.2000,7412,356,385,7441,7441,-16,-3,3706,411,294,1
107,fixed,0.2000,7496,402,313,7407,7407,12,8,3748,426,252,1
108,fixed,0.2000,7468,293,-311,6864,6864,-10,6,3734,342,266,1
109,fixed,0.2000,7540,218,209,7531,7531,18,-3,3770,371,230,1
110,fixed,0.2000,7352,417,382,7317,7317,-10,3,3676,429,324,1
111,fixed,0.2000,7428,336,147,7239,7239,-88,-1,3714,365,286,1
112,fixed,0.2000,7494,286,192,7400,7400,1,-5,3747,390,253,1
113,fixed,0.2000,7432,358,413,7487,7487,20,18,3716,359,284,1
114,fixed,0.2000,7444,279,19,7184,7184,-26,16,3722,348,278,1
115,fixed,0.2000,7446,316,-202,6928,6928,73,-13,3723,355,277,1
116,fixed,0.2000,7480,348,151,7283,7283,-14,7,3740,367,260,1
117,fixed,0.2000,7438,337,-165,6936,6936,-65,22,3719,356,281,1
118,fixed,0.2000,7476,289,342,7529,7529,36,0,3738,372,262,1
119,fixed,0.2000,7390,335,101,7156,7156,3,0,3695,388,305,1
120,fixed,0.2000,7390,387,-1299,5704,5704,99,-4,3695,351,305,1
121,fixed,0.2000,7482,299,452,7635,7635,-15,-17,3741,379,259,1
122,fixed,0.2000,7550,267,-71,7212,7212,-61,8,3775,386,225,1
123,fixed,0.2000,7438,354,179,7263,7263,-51,3,3719,402,281,1
124,fixed,0.2000,7432,240,-116,7076,7076,32,2,3716,374,284,1
125,fixed,0.2000,7408,288,-1196,5924,5924,-58,21,3704,364,296,1
126,fixed,0.2000,7486,337,45,7194,7194,31,-2,3743,367,257,1
127,fixed,0.2000,7440,342,84,7182,7182,-12,7,3720,420,280,1
128,fixed,0.2000,7504,251,39,7292,7292,-10,8,3752,437,248,1
129,fixed,0.2000,7432,398,990,8024,8024,56,10,3716,407,284,1
130,fixed,0.2000,7478,400,317,7395,7395,67,-8,3739,380,261,1
131,fixed,0.2000,7454,284,192,7362,7362,5,-7,3727,370,273,1
132,fixed,0.2000,7430,365,459,7524,7524,17,-8,3715,378,285,1
133,fixed,0.2000,7394,349,-1305,5740,5740,-61,30,3697,375,303,1
134,fixed,0.2000,7434,317,277,7394,7394,1,4,3717,328,283,1
135,fixed,0.2000,7330,333,-32,6965,6965,9,-21,3665,338,335,1
136,fixed,0.2000,7600,176,-134,7290,7290,-40,7,3800,372,200,1
137,fixed,0.2000,7456,295,244,7405,7405,22,-22,3728,359,272,1
138,fixed,0.2000,7378,275,-8,7095,7095,41,-3,3689,348,311,1
139,fixed,0.2000,7450,359,-118,6973,6973,-31,15,3725,365,275,1
140,fixed,0.2000,7458,338,-156,6964,6964,-17,-11,3729,376,271,1
141,fixed,0.2000,7384,403,254,7235,7235,-32,10,3692,403,308,1
142,fixed,0.2000,7442,234,-137,7071,7071,-23,6,3721,358,279,1
143,fixed,0.2000,7408,225,-783,6400,6400,70,-23,3704,326,296,1
144,fixed,0.2000,7386,271,111,7226,7226,41,-17,3693,344,307,1
145,fixed,0.2000,7400,283,-546,6571,6571,-78,11,3700,392,300,1
146,fixed,0.2000,7432,374,100,7158,7158,-32,1,3716,413,284,1
147,fixed,0.2000,7522,245,185,7462,7462,19,-3,3761,414,239,1
148,fixed,0.2000,7450,206,88,7332,7332,57,-10,3725,319,275,1
149,fixed,0.2000,7444,428,98,7114,7114,18,7,3722,404,278,1
150,fixed,0.2000,7528,326,-30,7172,7172,36,-17,3764,392,236,1
151,fixed,0.2000,7486,428,126,7184,7184,17,0,3743,375,257,1
152,fixed,0.2000,7418,348,-48,7022,7022,5,-2,3709,383,291,1
153,fixed,0.2000,7464,383,487,7568,7568,-46,-13,3732,432,268,1
154,fixed,0.2000,7396,363,-1210,5823,5823,90,-41,3698,415,302,1
155,fixed,0.2000,7422,392,112,7142,7142,-1,5,3711,457,289,1
156,fixed,0.2000,7444,377,442,7509,7509,16,19,3722,401,278,1
157,fixed,0.2000,7428,313,-1702,5413,5413,62,-35,3714,336,286,1
158,fixed,0.2000,7408,319,425,7514,7514,-80,-9,3704,377,296,1
159,fixed,0.2000,7420,261,84,7243,7243,14,-3,3710,342,290,1
160,fixed,0.2000,7500,224,-482,6794,6794,-42,16,3750,316,250,1
161,fixed,0.2000,7494,327,6,7173,7173,-27,-7,3747,397,253,1
162,fixed,0.2000,7462,324,531,7669,7669,13,0,3731,330,269,1
163,fixed,0.2000,7440,329,180,7291,7291,-18,7,3720,364,280,1
164,fixed,0.2000,7390,277,14,7127,7127,-5,-22,3695,414,305,1
165,fixed,0.2000,7510,402,83,7191,7191,-19,-24,3755,389,245,1
166,fixed,0.2000,7516,299,82,7299,7299,34,-10,3758,345,242,1
167,fixed,0.2000,7458,287,391,7562,7562,27,-5,3729,342,271,1
168,fixed,0.2000,7380,378,465,7467,7467,-8,0,3690,381,310,1
169,fixed,0.2000,7386,346,113,7153,7153,15,7,3693,402,307,1
170,fixed,0.2000,7430,395,0,7035,7035,-7,2,3715,406,285,1
171,fixed,0.2000,7484,264,143,7363,7363,-34,11,3742,372,258,1
172,fixed,0.2000,7408,304,65,7169,7169,-8,-5,3704,379,296,1
173,fixed,0.2000,7434,299,275,7410,7410,1,0,3717,313,283,1
174,fixed,0.2000,7418,246,-593,6579,6579,73,-15,3709,371,291,1
175,fixed,0.2000,7482,274,47,7255,7255,17,-7,3741,378,259,1
176,fixed,0.2000,7524,314,-96,7114,7114,-24,2,3762,416,238,1
177,fixed,0.2000,7468,315,134,7287,7287,8,3,3734,331,266,1
178,fixed,0.2000,7386,361,86,7111,7111,-3,9,3693,363,307,1
179,fixed,0.2000,7470,290,-124,7056,7056,27,-12,3735,399,265,1
180,fixed,0.2000,7410,321,51,7140,7140,17,-6,3705,400,295,1
181,fixed,0.2000,7474,356,214,7332,7332,-51,13,3737,400,263,1
182,fixed,0.2000,7438,369,-199,6870,6870,1,-4,3719,347,281,1
183,fixed,0.2000,7484,291,323,7516,7516,-34,-9,3742,351,258,1
184,fixed,0.2000,7414,420,-120,6874,6874,-23,8,3707,439,293,1
185,fixed,0.2000,7450,259,-78,7113,7113,-7,12,3725,345,275,1
186,fixed,0.2000,7454,268,-46,7140,7140,37,7,3727,362,273,1
187,fixed,0.2000,7356,285,-1077,5994,5994,68,-26,3678,426,322,1
188,fixed,0.2000,7456,374,11,7093,7093,-34,8,3728,380,272,1
189,fixed,0.2000,7446,330,-779,6337,6337,59,-25,3723,343,277,1
190,fixed,0.2000,7470,424,-141,6905,6905,97,-9,3735,326,265,1
191,fixed,0.2000,7554,282,-380,6892,6892,-51,27,3777,378,223,1
192,fixed,0.2000,7508,285,-754,6469,6469,-80,13,3754,395,246,1
193,fixed,0.2000,7420,320,-131,6969,6969,16,-2,3710,377,290,1
194,fixed,0.2000,7552,243,-125,7184,7184,36,-20,3776,347,224,1
195,fixed,0.2000,7378,374,-24,6980,6980,-31,0,3689,432,311,1
196,fixed,0.2000,7488,278,-441,6769,6769,36,-13,3744,366,256,1
197,fixed,0.2000,7458,336,79,7201,7201,-13,10,3729,427,271,1
198,fixed,0.2000,7414,407,26,7033,7033,41,-13,3707,372,293,1
199,fixed,0.2000,7404,367,273,7310,7310,6,14,3702,436,298,1
200,fixed,0.2000,7458,277,330,7511,7511,29,8,3729,365,271,1
201,fixed,0.2000,7546,248,-650,6648,6648,-39,35,3773,377,227,1
202,fixed,0.2000,7422,414,-1100,5908,5908,-95,30,3711,426,289,1
203,fixed,0.2000,7476,288,169,7357,7357,2,10,3738,382,262,1
204,fixed,0.2000,7454,206,219,7467,7467,33,5,3727,319,273,1
205,fixed,0.2000,7412,398,471,7485,7485,-34,16,3706,435,294,1
206,fixed,0.2000,7486,320,166,7332,7332,-15,15,3743,367,257,1
207,fixed,0.2000,7498,341,-243,6914,6914,-39,16,3749,416,251,1
208,fixed,0.2000,7392,312,-22,7058,7058,-66,8,3696,362,304,1
209,fixed,0.2000,7448,243,-307,6898,6898,16,-24,3724,399,276,1
210,fixed,0.2000,7392,263,-31,7098,7098,-48,11,3696,324,304,1
211,fixed,0.2000,7428,284,298,7442,7442,4,-26,3714,336,286,1
212,fixed,0.2000,7450,319,-265,6866,6866,-23,5,3725,355,275,1
213,fixed,0.2000,7498,197,215,7516,7516,-1,21,3749,350,251,1
214,fixed,0.2000,7372,334,-2583,4455,4455,96,-50,3686,373,314,1
215,fixed,0.2000,7398,427,263,7234,7234,-33,5,3699,394,301,1
216,fixed,0.2000,7498,218,232,7512,7512,37,0,3749,319,251,1
217,fixed,0.2000,7520,317,187,7390,7390,32,-18,3760,373,240,1
218,fixed,0.2000,7450,307,253,7396,7396,35,-4,3725,430,275,1
219,fixed,0.2000,7452,264,-757,6431,6431,-56,10,3726,374,274,1
220,fixed,0.2000,7468,277,-255,6936,6936,-50,11,3734,360,266,1
221,fixed,0.2000,7488,237,56,7307,7307,-8,7,3744,354,256,1
222,fixed,0.2000,7534,304,64,7294,7294,27,-7,3767,392,233,1
223,fixed,0.2000,7384,290,-452,6642,6642,-64,9,3692,326,308,1
224,fixed,0.2000,7524,232,-53,7239,7239,-26,21,3762,366,238,1
225,fixed,0.2000,7486,344,-283,6859,6859,93,-3,3743,366,257,1
226,fixed,0.2000,7486,275,412,7623,7623,1,7,3743,345,257,1
227,fixed,0.2000,7474,274,129,7329,7329,17,-16,3737,387,263,1
228,fixed,0.2000,7430,357,-778,6295,6295,-77,18,3715,379,285,1
229,fixed,0.2000,7450,333,-702,6415,6415,33,-13,3725,397,275,1
230,fixed,0.2000,7502,349,-230,6923,6923,-61,12,3751,337,249,1
231,fixed,0.2000,7432,310,-2108,5014,5014,116,-40,3716,398,284,1
232,fixed,0.2000,7410,333,84,7161,7161,-15,-1,3705,444,295,1
233,fixed,0.2000,7488,216,148,7420,7420,10,-21,3744,340,256,1
234,fixed,0.2000,7404,356,-860,6188,6188,36,-30,3702,396,298,1
235,fixed,0.2000,7426,412,37,7051,7051,-11,6,3713,361,287,1
236,fixed,0.2000,7468,281,-132,7055,7055,-38,15,3734,335,266,1
237,fixed,0.2000,7442,376,3,7069,7069,35,-3,3721,390,279,1
238,fixed,0.2000,7402,297,111,7216,7216,19,-31,3701,382,299,1
239,fixed,0.2000,7318,381,-100,6837,6837,27,8,3659,399,341,1
240,fixed,0.2000,7416,422,422,7416,7416,-16,35,3708,424,292,1
241,fixed,0.2000,7528,344,332,7516,7516,66,-4,3764,346,236,1
242,fixed,0.2000,7470,398,-744,6328,6328,-49,28,3735,411,265,1
243,fixed,0.2000,7414,324,127,7217,7217,-9,1,3707,410,293,1
244,fixed,0.2000,7424,276,-186,6962,6962,-42,4,3712,372,288,1
245,fixed,0.2000,7376,394,-282,6700,6700,-2,0,3688,374,312,1
246,fixed,0.2000,7468,258,62,7272,7272,-6,8,3734,371,266,1
247,fixed,0.2000,7428,385,243,7286,7286,-8,3,3714,401,286,1
248,fixed,0.2000,7382,274,280,7388,7388,11,16,3691,413,309,1
249,fixed,0.2000,7388,303,-645,6440,6440,-32,34,3694,371,306,1
250,fixed,0.2000,7460,400,205,7265,7265,8,-25,3730,430,270,1
251,fixed,0.2000,7464,344,479,7599,7599,-60,-9,3732,398,268,1
252,fixed,0.2000,7394,441,-147,6806,6806,-47,-23,3697,423,303,1
253,fixed,0.2000,7400,347,-117,6936,6936,30,-5,3700,374,300,1
254,fixed,0.2000,7506,336,-152,7018,7018,-23,20,3753,373,247,1
255,fixed,0.2000,7476,283,-1059,6134,6134,94,-23,3738,381,262,1
256,fixed,0.2000,7380,306,-714,6360,6360,100,-21,3690,352,310,1
257,fixed,0.2000,7552,336,143,7359,7359,12,-2,3776,327,224,1
258,fixed,0.2000,7474,293,30,7211,7211,-21,9,3737,363,263,1
259,fixed,0.2000,7486,253,-385,6848,6848,-15,30,3743,343,257,1
260,fixed,0.2000,7360,347,-481,6532,6532,-52,19,3680,373,320,1
261,fixed,0.2000,7378,413,803,7768,7768,75,4,3689,438,311,1
262,fixed,0.2000,7484,314,263,7433,7433,12,-7,3742,406,258,1
263,fixed,0.2000,7454,399,46,7101,7101,25,-7,3727,373,273,1
264,fixed,0.2000,7554,336,-294,6924,6924,-17,21,3777,373,223,1
265,fixed,0.2000,7420,317,745,7848,7848,-4,17,3710,355,290,1
266,fixed,0.2000,7360,334,331,7357,7357,-2,-16,3680,362,320,1
267,fixed,0.2000,7502,347,-63,7092,7092,-13,-13,3751,386,249,1
268,fixed,0.2000,7416,311,-326,6779,6779,-84,18,3708,349,292,1
269,fixed,0.2000,7476,256,193,7413,7413,16,-4,3738,370,262,1
270,fixed,0.2000,7452,359,61,7154,7154,20,-8,3726,408,274,1
271,fixed,0.2000,7434,302,-503,6629,6629,-15,8,3717,379,283,1
272,fixed,0.2000,7466,314,0,7152,7152,39,-8,3733,378,267,1
273,fixed,0.2000,7376,344,-1230,5802,5802,50,-38,3688,397,312,1
274,fixed,0.2000,7430,363,-108,6959,6959,37,16,3715,391,285,1
275,fixed,0.2000,7424,294,199,7329,7329,10,14,3712,401,288,1
276,fixed,0.2000,7436,366,191,7261,7261,52,6,3718,397,282,1
277,fixed,0.2000,7442,353,-32,7057,7057,-35,11,3721,353,279,1
278,fixed,0.2000,7398,262,48,7184,7184,11,4,3699,377,301,1
279,fixed,0.2000,7456,345,-171,6940,6940,-16,6,3728,403,272,1
280,fixed,0.2000,7480,336,288,7432,7432,-32,-2,3740,384,260,1
281,fixed,0.2000,7432,316,-211,6905,6905,28,-6,3716,404,284,1
282,fixed,0.2000,7462,297,-592,6573,6573,85,-14,3731,387,269,1
283,fixed,0.2000,7510,285,182,7407,7407,-1,2,3755,369,245,1
284,fixed,0.2000,7468,339,-82,7047,7047,-56,1,3734,400,266,1
285,fixed,0.2000,7472,333,-484,6655,6655,56,-22,3736,360,264,1
286,fixed,0.2000,7296,334,-1527,5435,5435,-34,19,3648,364,352,1
287,fixed,0.2000,7472,285,-931,6256,6256,70,-38,3736,410,264,1
288,fixed,0.2000,7368,484,563,7447,7447,-28,2,3684,340,316,1
289,fixed,0.2000,7442,258,-235,6949,6949,-47,9,3721,443,279,1
290,fixed,0.2000,7494,292,-251,6951,6951,19,-34,3747,359,253,1
291,fixed,0.2000,7456,279,-1074,6103,6103,94,-16,3728,369,272,1
292,fixed,0.2000,7370,415,-9,6946,6946,91,-13,3685,394,315,1
293,fixed,0.2000,7440,295,185,7330,7330,-20,1,3720,355,280,1
294,fixed,0.2000,7414,374,522,7562,7562,31,21,3707,399,293,1
295,fixed,0.2000,7428,280,-139,7009,7009,18,2,3714,362,286,1
296,fixed,0.2000,7484,261,150,7373,7373,10,15,3742,404,258,1
297,fixed,0.2000,7362,262,-500,6600,6600,-75,6,3681,366,319,1
298,fixed,0.2000,7440,304,222,7358,7358,2,-1,3720,375,280,1
299,fixed,0.2000,7496,317,-70,7109,7109,48,-13,3748,427,252,1
300,fixed,0.2000,7450,290,-1506,5654,5654,123,-37,3725,410,275,1
301,fixed,0.2000,7518,364,-298,6856,6856,-39,22,3759,407,241,1
302,fixed,0.2000,7410,196,-275,6939,6939,51,-12,3705,385,295,1
303,fixed,0.2000,7462,396,266,7332,7332,55,5,3731,340,269,1
304,fixed,0.2000,7396,367,254,7283,7283,8,10,3698,388,302,1
305,fixed,0.2000,7394,336,428,7486,7486,11,2,3697,389,303,1
306,fixed,0.2000,7438,320,49,7167,7167,-1,7,3719,333,281,1
307,fixed,0.2000,7356,246,-360,6750,6750,-28,5,3678,422,322,1
308,fixed,0.2000,7416,356,-42,7018,7018,10,-9,3708,349,292,1
309,fixed,0.2000,7456,280,65,7241,7241,14,2,3728,340,272,1
310,fixed,0.2000,7494,359,468,7603,7603,37,-2,3747,350,253,1
311,fixed,0.2000,7430,318,371,7483,7483,9,-3,3715,419,285,1
312,fixed,0.2000,7460,299,315,7476,7476,-12,-7,3730,371,270,1
313,fixed,0.2000,7446,267,-125,7054,7054,15,-16,3723,361,277,1
314,fixed,0.2000,7464,286,891,8069,8069,10,29,3732,377,268,1
315,fixed,0.2000,7454,264,-36,7154,7154,-77,13,3727,385,273,1
316,fixed,0.2000,7458,210,-2418,4830,4830,135,-33,3729,346,271,1
317,fixed,0.2000,7382,341,-821,6220,6220,95,-18,3691,408,309,1
318,fixed,0.2000,7506,247,149,7408,7408,35,-17,3753,354,247,1
319,fixed,0.2000,7378,328,-1,7049,7049,-39,-5,3689,373,311,1
320,fixed,0.2000,7488,357,246,7377,7377,54,-3,3744,338,256,1
321,fixed,0.2000,7576,254,-63,7259,7259,-46,13,3788,361,212,1
322,fixed,0.2000,7446,452,285,7279,7279,21,1,3723,390,277,1
323,fixed,0.2000,7534,269,-190,7075,7075,-41,14,3767,410,233,1
324,fixed,0.2000,7344,331,-101,6912,6912,14,-14,3672,342,328,1
325,fixed,0.2000,7418,346,219,7291,7291,7,11,3709,397,291,1
326,fixed,0.2000,7488,272,-261,6955,6955,22,-24,3744,323,256,1
327,fixed,0.2000,7408,309,312,7411,7411,-16,-6,3704,363,296,1
328,fixed,0.2000,7418,380,127,7165,7165,-41,12,3709,421,291,1
329,fixed,0.2000,7380,360,95,7115,7115,48,3,3690,386,310,1
330,fixed,0.2000,7456,343,-256,6857,6857,20,-18,3728,358,272,1
331,fixed,0.2000,7424,388,-515,6521,6521,-52,25,3712,412,288,1
332,fixed,0.2000,7426,391,-302,6733,6733,-63,11,3713,398,287,1
333,fixed,0.2000,7480,235,-348,6897,6897,48,-12,3740,408,260,1
334,fixed,0.2000,7420,326,187,7281,7281,-6,3,3710,404,290,1
335,fixed,0.2000,7458,324,65,7199,7199,17,-16,3729,361,271,1
336,fixed,0.2000,7410,309,274,7375,7375,1,-1,3705,343,295,1
337,fixed,0.2000,7470,237,-227,7006,7006,33,-14,3735,365,265,1
338,fixed,0.2000,7434,342,255,7347,7347,21,-2,3717,371,283,1
339,fixed,0.2000,7488,297,339,7530,7530,-30,-4,3744,382,256,1
340,fixed,0.2000,7424,325,-204,6895,6895,-90,1,3712,363,288,1
341,fixed,0.2000,7482,316,55,7221,7221,9,3,3741,388,259,1
342,fixed,0.2000,7454,277,-139,7038,7038,-13,18,3727,349,273,1
343,fixed,0.2000,7386,353,-46,6987,6987,11,-8,3693,348,307,1
344,fixed,0.2000,7506,241,-148,7117,7117,43,-10,3753,380,247,1
345,fixed,0.2000,7450,329,-423,6698,6698,71,-18,3725,375,275,1
346,fixed,0.2000,7492,273,-582,6637,6637,-52,26,3746,398,254,1
347,fixed,0.2000,7394,307,90,7177,7177,-5,7,3697,350,303,1
348,fixed,0.2000,7450,369,332,7413,7413,5,0,3725,409,275,1
349,fixed,0.2000,7442,443,245,7244,7244,3,5,3721,452,279,1
350,fixed,0.2000,7396,350,-71,6975,6975,-22,-2,3698,427,302,1
351,fixed,0.2000,7438,299,-1454,5685,5685,85,-21,3719,364,281,1
352,fixed,0.2000,7490,335,48,7203,7203,9,-1,3745,394,255,1
353,fixed,0.2000,7350,264,-32,7054,7054,19,11,3675,354,325,1
354,fixed,0.2000,7356,342,229,7243,7243,0,4,3678,389,322,1
355,fixed,0.2000,7480,374,349,7455,7455,4,-6,3740,344,260,1
356,fixed,0.2000,7416,266,-387,6763,6763,-58,17,3708,335,292,1
357,fixed,0.2000,7532,308,97,7321,7321,18,6,3766,387,234,1
358,fixed,0.2000,7426,245,105,7286,7286,-29,5,3713,359,287,1
359,fixed,0.2000,7404,355,324,7373,7373,24,8,3702,398,298,1
360,fixed,0.2000,7448,419,174,7203,7203,-2,-8,3724,337,276,1
361,fixed,0.2000,7422,323,260,7359,7359,13,2,3711,420,289,1
362,fixed,0.2000,7394,340,-154,6900,6900,-31,17,3697,394,303,1
363,fixed,0.2000,7496,245,-16,7235,7235,10,0,3748,326,252,1
364,fixed,0.2000,7430,192,-515,6723,6723,-23,10,3715,361,285,1
365,fixed,0.2000,7394,402,410,7402,7402,9,-19,3697,457,303,1
366,fixed,0.2000,7452,453,182,7181,7181,-8,-1,3726,359,274,1
367,fixed,0.2000,7484,226,-540,6718,6718,66,-16,3742,365,258,1
368,fixed,0.2000,7424,354,460,7530,7530,-16,-2,3712,363,288,1
369,fixed,0.2000,7478,269,-357,6852,6852,79,-6,3739,346,261,1
370,fixed,0.2000,7362,324,-106,6932,6932,-1,11,3681,384,319,1
371,fixed,0.2000,7462,332,185,7315,7315,29,4,3731,388,269,1
372,fixed,0.2000,7450,341,-563,6546,6546,81,-9,3725,388,275,1
373,fixed,0.2000,7484,293,-186,7005,7005,-28,7,3742,423,258,1
374,fixed,0.2000,7476,273,349,7552,7552,-4,12,3738,381,262,1
375,fixed,0.2000,7364,359,20,7025,7025,-48,11,3682,398,318,1
376,fixed,0.2000,7350,489,176,7037,7037,15,2,3675,441,325,1
377,fixed,0.2000,7488,288,-181,7019,7019,-30,18,3744,350,256,1
378,fixed,0.2000,7508,248,451,7711,7711,-18,-17,3754,349,246,1
379,fixed,0.2000,7470,325,216,7361,7361,-1,5,3735,361,265,1
380,fixed,0.2000,7488,279,179,7388,7388,-66,2,3744,323,256,1
381,fixed,0.2000,7506,309,-196,7001,7001,-45,11,3753,370,247,1
382,fixed,0.2000,7426,362,262,7326,7326,-7,5,3713,357,287,1
383,fixed,0.2000,7468,248,-124,7096,7096,-2,6,3734,393,266,1
384,fixed,0.2000,7412,291,224,7345,7345,26,-11,3706,318,294,1
385,fixed,0.2000,7458,299,272,7431,7431,27,8,3729,351,271,1
386,fixed,0.2000,7458,236,-327,6895,6895,41,-14,3729,343,271,1
387,fixed,0.2000,7480,307,524,7697,7697,-42,-3,3740,359,260,1
388,fixed,0.2000,7452,276,524,7700,7700,10,17,3726,362,274,1
389,fixed,0.2000,7464,268,227,7423,7423,54,-5,3732,342,268,1
390,fixed,0.2000,7464,311,-602,6551,6551,84,-21,3732,358,268,1
391,fixed,0.2000,7422,269,-234,6919,6919,-59,13,3711,374,289,1
392,fixed,0.2000,7442,340,-15,7087,7087,-13,5,3721,396,279,1
393,fixed,0.2000,7440,257,319,7502,7502,-38,7,3720,372,280,1
394,fixed,0.2000,7474,291,510,7693,7693,15,25,3737,381,263,1
395,fixed,0.2000,7508,285,117,7340,7340,-14,18,3754,409,246,1
396,fixed,0.2000,7350,516,523,7357,7357,51,-8,3675,429,325,1
397,fixed,0.2000,7490,213,107,7384,7384,-59,2,3745,333,255,1
398,fixed,0.2000,7452,356,233,7329,7329,0,-2,3726,380,274,1
399,fixed,0.2000,7430,279,134,7285,7285,-25,-4,3715,357,285,1
400,fixed,0.2000,7490,289,-30,7171,7171,23,-26,3745,393,255,1
401,fixed,0.2000,7436,319,21,7138,7138,-8,-3,3718,427,282,1
402,fixed,0.2000,7520,252,156,7424,7424,26,7,3760,372,240,1
403,fixed,0.2000,7420,332,-1658,5430,5430,94,-31,3710,340,290,1
404,fixed,0.2000,7410,385,-293,6732,6732,17,-9,3705,403,295,1
405,fixed,0.2000,7462,399,323,7386,7386,-21,12,3731,433,269,1
406,fixed,0.2000,7536,264,395,7667,7667,0,20,3768,374,232,1
407,fixed,0.2000,7404,328,-1098,5978,5978,-106,27,3702,411,298,1
408,fixed,0.2000,7456,291,-43,7122,7122,34,-19,3728,380,272,1
409,fixed,0.2000,7432,348,154,7238,7238,0,3,3716,417,284,1
410,fixed,0.2000,7540,320,-43,7177,7177,-26,12,3770,353,230,1
411,fixed,0.2000,7428,291,191,7328,7328,-20,-2,3714,351,286,1
412,fixed,0.2000,7450,215,289,7524,7524,-23,-8,3725,423,275,1
413,fixed,0.2000,7448,348,151,7251,7251,-28,0,3724,371,276,1
414,fixed,0.2000,7478,347,-531,6600,6600,-53,22,3739,405,261,1
415,fixed,0.2000,7422,309,247,7360,7360,23,8,3711,368,289,1
416,fixed,0.2000,7458,258,-881,6319,6319,-55,30,3729,411,271,1
417,fixed,0.2000,7424,229,99,7294,7294,58,-2,3712,330,288,1
418,fixed,0.2000,7508,328,127,7307,7307,-26,5,3754,354,246,1
419,fixed,0.2000,7560,277,78,7361,7361,-24,10,3780,364,220,1
420,fixed,0.2000,7564,330,12,7246,7246,-56,2,3782,365,218,1
421,fixed,0.2000,7330,377,-46,6907,6907,-57,7,3665,386,335,1
422,fixed,0.2000,7446,231,-204,7011,7011,-37,7,3723,315,277,1
423,fixed,0.2000,7532,248,-233,7051,7051,30,6,3766,357,234,1
424,fixed,0.2000,7504,388,-464,6652,6652,50,-25,3752,441,248,1
425,fixed,0.2000,7446,281,346,7511,7511,51,5,3723,410,277,1
426,fixed,0.2000,7372,266,74,7180,7180,-4,6,3686,366,314,1
427,fixed,0.2000,7578,295,293,7576,7576,-27,3,3789,391,211,1
428,fixed,0.2000,7340,329,273,7284,7284,-2,12,3670,392,330,1
429,fixed,0.2000,7430,378,-666,6386,6386,79,-15,3715,413,285,1
430,fixed,0.2000,7336,417,331,7250,7250,6,12,3668,421,332,1
431,fixed,0.2000,7432,292,-474,6666,6666,36,-14,3716,425,284,1
432,fixed,0.2000,7454,381,62,7135,7135,77,0,3727,386,273,1
433,fixed,0.2000,7450,362,246,7334,7334,-3,-1,3725,360,275,1
434,fixed,0.2000,7416,370,190,7236,7236,80,4,3708,415,292,1
435,fixed,0.2000,7432,365,-106,6961,6961,-20,9,3716,370,284,1
436,fixed,0.2000,7436,280,-191,6965,6965,-2,-10,3718,356,282,1
437,fixed,0.2000,7458,338,643,7763,7763,39,0,3729,352,271,1
438,fixed,0.2000,7380,447,133,7066,7066,-6,24,3690,412,310,1
439,fixed,0.2000,7378,324,-971,6083,6083,37,-35,3689,356,311,1
440,fixed,0.2000,7380,348,112,7144,7144,8,8,3690,369,310,1
441,fixed,0.2000,7444,295,46,7195,7195,-14,-11,3722,387,278,1
442,fixed,0.2000,7386,337,-79,6970,6970,55,-27,3693,364,307,1
443,fixed,0.2000,7460,370,87,7177,7177,-10,13,3730,377,270,1
444,fixed,0.2000,7474,306,114,7282,7282,-19,-11,3737,431,263,1
445,fixed,0.2000,7392,279,-411,6702,6702,-18,-7,3696,399,304,1
446,fixed,0.2000,7422,371,-294,6757,6757,-67,24,3711,396,289,1
447,fixed,0.2000,7468,286,367,7549,7549,-44,-15,3734,386,266,1
448,fixed,0.2000,7482,328,-157,6997,6997,-11,20,3741,323,259,1
449,fixed,0.2000,7390,411,93,7072,7072,33,-12,3695,423,305,1
450,fixed,0.2000,7460,274,41,7227,7227,-24,18,3730,381,270,1
451,fixed,0.2000,7376,293,-443,6640,6640,26,-16,3688,335,312,1
452,fixed,0.2000,7474,380,-172,6922,6922,3,-14,3737,311,263,1
453,fixed,0.2000,7502,306,61,7257,7257,25,-5,3751,374,249,1
454,fixed,0.2000,7452,337,609,7724,7724,68,3,3726,393,274,1
455,fixed,0.2000,7438,404,176,7210,7210,7,8,3719,432,281,1
456,fixed,0.2000,7418,256,-446,6716,6716,51,-30,3709,371,291,1
457,fixed,0.2000,7508,326,223,7405,7405,10,-2,3754,388,246,1
458,fixed,0.2000,7466,326,36,7176,7176,-25,12,3733,365,267,1
459,fixed,0.2000,7478,401,180,7257,7257,-47,6,3739,415,261,1
460,fixed,0.2000,7428,361,-266,6801,6801,14,4,3714,404,286,1
461,fixed,0.2000,7384,397,-1504,5483,5483,-82,47,3692,368,308,1
462,fixed,0.2000,7448,348,136,7236,7236,6,-4,3724,393,276,1
463,fixed,0.2000,7476,225,-167,7084,7084,32,-12,3738,385,262,1
464,fixed,0.2000,7452,384,-151,6917,6917,-54,23,3726,354,274,1
465,fixed,0.2000,7502,307,-519,6676,6676,-69,16,3751,426,249,1
466,fixed,0.2000,7426,323,422,7525,7525,5,3,3713,410,287,1
467,fixed,0.2000,7518,289,242,7471,7471,11,14,3759,380,241,1
468,fixed,0.2000,7410,363,234,7281,7281,-7,1,3705,393,295,1
469,fixed,0.2000,7512,267,277,7522,7522,2,-18,3756,389,244,1
470,fixed,0.2000,7520,340,222,7402,7402,52,3,3760,348,240,1
471,fixed,0.2000,7428,392,-739,6297,6297,74,-21,3714,387,286,1
472,fixed,0.2000,7420,430,290,7280,7280,2,-16,3710,376,290,1
473,fixed,0.2000,7506,291,161,7376,7376,-21,20,3753,361,247,1
474,fixed,0.2000,7504,373,297,7428,7428,-28,16,3752,370,248,1
475,fixed,0.2000,7346,421,14,6939,6939,-9,5,3673,395,327,1
476,fixed,0.2000,7476,377,888,7987,7987,-2,33,3738,385,262,1
477,fixed,0.2000,7494,314,31,7211,7211,-65,3,3747,371,253,1
478,fixed,0.2000,7344,322,-1996,5026,5026,132,-39,3672,375,328,1
479,fixed,0.2000,7428,493,187,7122,7122,-4,-13,3714,425,286,1
480,fixed,0.2000,7386,372,-15,6999,6999,-47,-25,3693,362,307,1
481,fixed,0.2000,7410,310,30,7130,7130,-15,14,3705,351,295,1
482,fixed,0.2000,7382,355,-186,6841,6841,33,-14,3691,391,309,1
483,fixed,0.2000,7442,373,115,7184,7184,35,-5,3721,406,279,1
484,fixed,0.2000,7362,436,-887,6039,6039,-83,25,3681,408,319,1
485,fixed,0.2000,7426,352,187,7261,7261,15,-2,3713,404,287,1
486,fixed,0.2000,7430,331,12,7111,7111,79,-6,3715,396,285,1
487,fixed,0.2000,7504,288,417,7633,7633,-32,6,3752,328,248,1
488,fixed,0.2000,7318,377,-65,6876,6876,15,-10,3659,435,341,1
489,fixed,0.2000,7422,457,174,7139,7139,-51,4,3711,368,289,1
490,fixed,0.2000,7448,392,306,7362,7362,-26,7,3724,361,276,1
491,fixed,0.2000,7484,269,642,7857,7857,50,2,3742,359,258,1
492,fixed,0.2000,7468,313,578,7733,7733,26,-8,3734,330,266,1
493,fixed,0.2000,7556,420,-948,6188,6188,74,-25,3778,383,222,1
494,fixed,0.2000,7460,356,-110,6994,6994,-22,24,3730,333,270,1
495,fixed,0.2000,7406,401,421,7426,7426,-53,-5,3703,395,297,1
496,fixed,0.2000,7470,297,52,7225,7225,-35,4,3735,324,265,1
497,fixed,0.2000,7504,310,-450,6744,6744,2,-32,3752,349,248,1
498,fixed,0.2000,7374,352,308,7330,7330,-31,-6,3687,371,313,1
499,fixed,0.2000,7406,252,-317,6837,6837,-27,13,3703,367,297,1
